Coahuila,Hipertensión,277398,2001
Michoacán,Hipertensión,222621,2001
Chiapas,Hipertensión,107994,2001
D.F.,Hipertensión,886402,2001
Baja California Sur,Hipertensión,38349,2001
Puebla,Hipertensión,223121,2001
Yucatán,Hipertensión,142265,2001
Baja California,Hipertensión,190507,2001
Veracruz,Hipertensión,357408,2001
Guanajuato,Hipertensión,282579,2001
Sonora,Hipertensión,195850,2001
Nayarit,Hipertensión,72727,2001
Morelos,Hipertensión,100070,2001
Oaxaca,Hipertensión,92632,2001
México,Hipertensión,757047,2001
Aguascalientes,Hipertensión,86470,2001
Guerrero,Hipertensión,95362,2001
Hidalgo,Hipertensión,65324,2001
Chihuahua,Hipertensión,261404,2001
Tlaxcala,Hipertensión,58139,2001
Nuevo León,Hipertensión,491091,2001
Durango,Hipertensión,145399,2001
Tabasco,Hipertensión,78804,2001
Sinaloa,Hipertensión,245492,2001
Campeche,Hipertensión,44928,2001
Quintana Roo,Hipertensión,72448,2001
Querétaro,Hipertensión,84097,2001
San Luis Potosí,Hipertensión,100001,2001
Jalisco,Hipertensión,536930,2001
Zacatecas,Hipertensión,73999,2001
Colima,Hipertensión,54079,2001
Tamaulipas,Hipertensión,250463,2001
Coahuila,Hipertensión,441006,2012
Michoacán,Hipertensión,260343,2012
Chiapas,Hipertensión,179945,2012
D.F.,Hipertensión,1346485,2012
Baja California Sur,Hipertensión,115209,2012
Puebla,Hipertensión,384041,2012
Yucatán,Hipertensión,223212,2012
Baja California,Hipertensión,538757,2012
Veracruz,Hipertensión,606709,2012
Guanajuato,Hipertensión,441834,2012
Sonora,Hipertensión,347072,2012
Nayarit,Hipertensión,116921,2012
Morelos,Hipertensión,207423,2012
Oaxaca,Hipertensión,129013,2012
México,Hipertensión,1632639,2012
Aguascalientes,Hipertensión,196970,2012
Guerrero,Hipertensión,161940,2012
Hidalgo,Hipertensión,175334,2012
Chihuahua,Hipertensión,428073,2012
Tlaxcala,Hipertensión,78068,2012
Nuevo León,Hipertensión,956185,2012
Durango,Hipertensión,279808,2012
Tabasco,Hipertensión,106256,2012
Sinaloa,Hipertensión,385231,2012
Campeche,Hipertensión,77536,2012
Quintana Roo,Hipertensión,100259,2012
Querétaro,Hipertensión,181138,2012
San Luis Potosí,Hipertensión,216483,2012
Jalisco,Hipertensión,915947,2012
Zacatecas,Hipertensión,60976,2012
Colima,Hipertensión,101134,2012
Tamaulipas,Hipertensión,391494,2012
Coahuila,Hipertensión,244855,2000
Michoacán,Hipertensión,206082,2000
Chiapas,Hipertensión,104351,2000
D.F.,Hipertensión,866848,2000
Baja California Sur,Hipertensión,33129,2000
Puebla,Hipertensión,264512,2000
Yucatán,Hipertensión,140416,2000
Baja California,Hipertensión,177741,2000
Veracruz,Hipertensión,405723,2000
Guanajuato,Hipertensión,293559,2000
Sonora,Hipertensión,192583,2000
Nayarit,Hipertensión,51648,2000
Morelos,Hipertensión,98085,2000
Oaxaca,Hipertensión,84541,2000
México,Hipertensión,716948,2000
Aguascalientes,Hipertensión,86115,2000
Guerrero,Hipertensión,88826,2000
Hidalgo,Hipertensión,67122,2000
Chihuahua,Hipertensión,241928,2000
Tlaxcala,Hipertensión,51328,2000
Nuevo León,Hipertensión,482644,2000
Durango,Hipertensión,141986,2000
Tabasco,Hipertensión,70789,2000
Sinaloa,Hipertensión,273123,2000
Campeche,Hipertensión,41887,2000
Quintana Roo,Hipertensión,72610,2000
Querétaro,Hipertensión,92167,2000
San Luis Potosí,Hipertensión,96229,2000
Jalisco,Hipertensión,549937,2000
Zacatecas,Hipertensión,73859,2000
Colima,Hipertensión,52895,2000
Tamaulipas,Hipertensión,230584,2000
Coahuila,Hipertensión,390250,2011
Michoacán,Hipertensión,225902,2011
Chiapas,Hipertensión,170402,2011
D.F.,Hipertensión,1214083,2011
Baja California Sur,Hipertensión,96239,2011
Puebla,Hipertensión,392399,2011
Yucatán,Hipertensión,183302,2011
Baja California,Hipertensión,391910,2011
Veracruz,Hipertensión,521952,2011
Guanajuato,Hipertensión,412091,2011
Sonora,Hipertensión,296642,2011
Nayarit,Hipertensión,110108,2011
Morelos,Hipertensión,204615,2011
Oaxaca,Hipertensión,127169,2011
México,Hipertensión,1279215,2011
Aguascalientes,Hipertensión,163207,2011
Guerrero,Hipertensión,166615,2011
Hidalgo,Hipertensión,140287,2011
Chihuahua,Hipertensión,349362,2011
Tlaxcala,Hipertensión,71132,2011
Nuevo León,Hipertensión,836729,2011
Durango,Hipertensión,253164,2011
Tabasco,Hipertensión,72047,2011
Sinaloa,Hipertensión,334832,2011
Campeche,Hipertensión,69687,2011
Quintana Roo,Hipertensión,82951,2011
Querétaro,Hipertensión,176531,2011
San Luis Potosí,Hipertensión,204998,2011
Jalisco,Hipertensión,792121,2011
Zacatecas,Hipertensión,61190,2011
Colima,Hipertensión,82829,2011
Tamaulipas,Hipertensión,364551,2011
Coahuila,Hipertensión,340710,2010
Michoacán,Hipertensión,212781,2010
Chiapas,Hipertensión,178676,2010
D.F.,Hipertensión,1053685,2010
Baja California Sur,Hipertensión,92767,2010
Puebla,Hipertensión,390937,2010
Yucatán,Hipertensión,171719,2010
Baja California,Hipertensión,312758,2010
Veracruz,Hipertensión,498679,2010
Guanajuato,Hipertensión,402472,2010
Sonora,Hipertensión,233885,2010
Nayarit,Hipertensión,83034,2010
Morelos,Hipertensión,183185,2010
Oaxaca,Hipertensión,95617,2010
México,Hipertensión,1002526,2010
Aguascalientes,Hipertensión,140893,2010
Guerrero,Hipertensión,157374,2010
Hidalgo,Hipertensión,102512,2010
Chihuahua,Hipertensión,251176,2010
Tlaxcala,Hipertensión,63026,2010
Nuevo León,Hipertensión,756967,2010
Durango,Hipertensión,196668,2010
Tabasco,Hipertensión,74439,2010
Sinaloa,Hipertensión,231808,2010
Campeche,Hipertensión,67600,2010
Quintana Roo,Hipertensión,105165,2010
Querétaro,Hipertensión,156731,2010
San Luis Potosí,Hipertensión,194530,2010
Jalisco,Hipertensión,650256,2010
Zacatecas,Hipertensión,56585,2010
Colima,Hipertensión,71544,2010
Tamaulipas,Hipertensión,371127,2010
Coahuila,Hipertensión,289983,2009
Michoacán,Hipertensión,215660,2009
Chiapas,Hipertensión,170919,2009
D.F.,Hipertensión,1068104,2009
Baja California Sur,Hipertensión,62594,2009
Puebla,Hipertensión,340171,2009
Yucatán,Hipertensión,146282,2009
Baja California,Hipertensión,246063,2009
Veracruz,Hipertensión,414932,2009
Guanajuato,Hipertensión,379942,2009
Sonora,Hipertensión,231844,2009
Nayarit,Hipertensión,64575,2009
Morelos,Hipertensión,127784,2009
Oaxaca,Hipertensión,73218,2009
México,Hipertensión,764422,2009
Aguascalientes,Hipertensión,120258,2009
Guerrero,Hipertensión,158133,2009
Hidalgo,Hipertensión,78427,2009
Chihuahua,Hipertensión,229386,2009
Tlaxcala,Hipertensión,58929,2009
Nuevo León,Hipertensión,557365,2009
Durango,Hipertensión,146280,2009
Tabasco,Hipertensión,69749,2009
Sinaloa,Hipertensión,200090,2009
Campeche,Hipertensión,39969,2009
Quintana Roo,Hipertensión,102298,2009
Querétaro,Hipertensión,141763,2009
San Luis Potosí,Hipertensión,168704,2009
Jalisco,Hipertensión,517668,2009
Zacatecas,Hipertensión,43722,2009
Colima,Hipertensión,60331,2009
Tamaulipas,Hipertensión,261861,2009
Coahuila,Hipertensión,264607,2008
Michoacán,Hipertensión,230012,2008
Chiapas,Hipertensión,151370,2008
D.F.,Hipertensión,954031,2008
Baja California Sur,Hipertensión,61282,2008
Puebla,Hipertensión,313852,2008
Yucatán,Hipertensión,126560,2008
Baja California,Hipertensión,274282,2008
Veracruz,Hipertensión,448034,2008
Guanajuato,Hipertensión,304577,2008
Sonora,Hipertensión,195494,2008
Nayarit,Hipertensión,66017,2008
Morelos,Hipertensión,86849,2008
Oaxaca,Hipertensión,82596,2008
México,Hipertensión,666577,2008
Aguascalientes,Hipertensión,110398,2008
Guerrero,Hipertensión,139248,2008
Hidalgo,Hipertensión,74451,2008
Chihuahua,Hipertensión,210369,2008
Tlaxcala,Hipertensión,52155,2008
Nuevo León,Hipertensión,501691,2008
Durango,Hipertensión,104142,2008
Tabasco,Hipertensión,72430,2008
Sinaloa,Hipertensión,167353,2008
Campeche,Hipertensión,36929,2008
Quintana Roo,Hipertensión,76046,2008
Querétaro,Hipertensión,170312,2008
San Luis Potosí,Hipertensión,171143,2008
Jalisco,Hipertensión,602171,2008
Zacatecas,Hipertensión,37065,2008
Colima,Hipertensión,50683,2008
Tamaulipas,Hipertensión,241111,2008
Coahuila,Hipertensión,225518,2007
Michoacán,Hipertensión,180419,2007
Chiapas,Hipertensión,116521,2007
D.F.,Hipertensión,559010,2007
Baja California Sur,Hipertensión,41888,2007
Puebla,Hipertensión,160158,2007
Yucatán,Hipertensión,105264,2007
Baja California,Hipertensión,192236,2007
Veracruz,Hipertensión,381934,2007
Guanajuato,Hipertensión,294177,2007
Sonora,Hipertensión,162501,2007
Nayarit,Hipertensión,72446,2007
Morelos,Hipertensión,78212,2007
Oaxaca,Hipertensión,55098,2007
México,Hipertensión,638148,2007
Aguascalientes,Hipertensión,65613,2007
Guerrero,Hipertensión,136487,2007
Hidalgo,Hipertensión,72235,2007
Chihuahua,Hipertensión,197576,2007
Tlaxcala,Hipertensión,47377,2007
Nuevo León,Hipertensión,286572,2007
Durango,Hipertensión,99159,2007
Tabasco,Hipertensión,58134,2007
Sinaloa,Hipertensión,137501,2007
Campeche,Hipertensión,42206,2007
Quintana Roo,Hipertensión,77033,2007
Querétaro,Hipertensión,108082,2007
San Luis Potosí,Hipertensión,124622,2007
Jalisco,Hipertensión,471647,2007
Zacatecas,Hipertensión,37293,2007
Colima,Hipertensión,39920,2007
Tamaulipas,Hipertensión,183559,2007
Coahuila,Hipertensión,362275,2006
Michoacán,Hipertensión,204467,2006
Chiapas,Hipertensión,113461,2006
D.F.,Hipertensión,822081,2006
Baja California Sur,Hipertensión,64864,2006
Puebla,Hipertensión,284798,2006
Yucatán,Hipertensión,194859,2006
Baja California,Hipertensión,266435,2006
Veracruz,Hipertensión,518215,2006
Guanajuato,Hipertensión,363322,2006
Sonora,Hipertensión,231914,2006
Nayarit,Hipertensión,84515,2006
Morelos,Hipertensión,127308,2006
Oaxaca,Hipertensión,93439,2006
México,Hipertensión,941696,2006
Aguascalientes,Hipertensión,104359,2006
Guerrero,Hipertensión,140123,2006
Hidalgo,Hipertensión,113198,2006
Chihuahua,Hipertensión,333521,2006
Tlaxcala,Hipertensión,63408,2006
Nuevo León,Hipertensión,538905,2006
Durango,Hipertensión,135180,2006
Tabasco,Hipertensión,79210,2006
Sinaloa,Hipertensión,280789,2006
Campeche,Hipertensión,67416,2006
Quintana Roo,Hipertensión,107562,2006
Querétaro,Hipertensión,129073,2006
San Luis Potosí,Hipertensión,163067,2006
Jalisco,Hipertensión,606756,2006
Zacatecas,Hipertensión,78096,2006
Colima,Hipertensión,62670,2006
Tamaulipas,Hipertensión,287269,2006
Coahuila,Hipertensión,365864,2005
Michoacán,Hipertensión,206967,2005
Chiapas,Hipertensión,105163,2005
D.F.,Hipertensión,893644,2005
Baja California Sur,Hipertensión,56855,2005
Puebla,Hipertensión,294468,2005
Yucatán,Hipertensión,198204,2005
Baja California,Hipertensión,249067,2005
Veracruz,Hipertensión,552339,2005
Guanajuato,Hipertensión,342812,2005
Sonora,Hipertensión,221904,2005
Nayarit,Hipertensión,80105,2005
Morelos,Hipertensión,131621,2005
Oaxaca,Hipertensión,94893,2005
México,Hipertensión,909541,2005
Aguascalientes,Hipertensión,96980,2005
Guerrero,Hipertensión,133060,2005
Hidalgo,Hipertensión,113442,2005
Chihuahua,Hipertensión,332970,2005
Tlaxcala,Hipertensión,64125,2005
Nuevo León,Hipertensión,470580,2005
Durango,Hipertensión,135165,2005
Tabasco,Hipertensión,72304,2005
Sinaloa,Hipertensión,286875,2005
Campeche,Hipertensión,63340,2005
Quintana Roo,Hipertensión,92974,2005
Querétaro,Hipertensión,127207,2005
San Luis Potosí,Hipertensión,170277,2005
Jalisco,Hipertensión,594718,2005
Zacatecas,Hipertensión,95571,2005
Colima,Hipertensión,62070,2005
Tamaulipas,Hipertensión,249222,2005
Coahuila,Hipertensión,494213,2016
Michoacán,Hipertensión,304004,2016
Chiapas,Hipertensión,196324,2016
D.F.,Hipertensión,1625145,2016
Baja California Sur,Hipertensión,109267,2016
Puebla,Hipertensión,476164,2016
Yucatán,Hipertensión,244647,2016
Baja California,Hipertensión,497872,2016
Veracruz,Hipertensión,716992,2016
Guanajuato,Hipertensión,352408,2016
Sonora,Hipertensión,374011,2016
Nayarit,Hipertensión,123136,2016
Morelos,Hipertensión,153207,2016
Oaxaca,Hipertensión,135765,2016
México,Hipertensión,1396229,2016
Aguascalientes,Hipertensión,194528,2016
Guerrero,Hipertensión,183311,2016
Hidalgo,Hipertensión,153793,2016
Chihuahua,Hipertensión,441229,2016
Tlaxcala,Hipertensión,92242,2016
Nuevo León,Hipertensión,1230447,2016
Durango,Hipertensión,205215,2016
Tabasco,Hipertensión,156694,2016
Sinaloa,Hipertensión,380072,2016
Campeche,Hipertensión,102531,2016
Quintana Roo,Hipertensión,215811,2016
Querétaro,Hipertensión,191887,2016
San Luis Potosí,Hipertensión,321375,2016
Jalisco,Hipertensión,955150,2016
Zacatecas,Hipertensión,55866,2016
Colima,Hipertensión,104281,2016
Tamaulipas,Hipertensión,488045,2016
Coahuila,Hipertensión,1763803,2004
Michoacán,Hipertensión,1056693,2004
Chiapas,Hipertensión,527968,2004
D.F.,Hipertensión,3922367,2004
Baja California Sur,Hipertensión,366581,2004
Puebla,Hipertensión,1569263,2004
Yucatán,Hipertensión,950295,2004
Baja California,Hipertensión,1266539,2004
Veracruz,Hipertensión,2603647,2004
Guanajuato,Hipertensión,1700198,2004
Sonora,Hipertensión,992985,2004
Nayarit,Hipertensión,337912,2004
Morelos,Hipertensión,664657,2004
Oaxaca,Hipertensión,509397,2004
México,Hipertensión,4103906,2004
Aguascalientes,Hipertensión,528131,2004
Guerrero,Hipertensión,502504,2004
Hidalgo,Hipertensión,617061,2004
Chihuahua,Hipertensión,1779298,2004
Tlaxcala,Hipertensión,321873,2004
Nuevo León,Hipertensión,1884665,2004
Durango,Hipertensión,674984,2004
Tabasco,Hipertensión,306731,2004
Sinaloa,Hipertensión,1727005,2004
Campeche,Hipertensión,334545,2004
Quintana Roo,Hipertensión,513706,2004
Querétaro,Hipertensión,690237,2004
San Luis Potosí,Hipertensión,962247,2004
Jalisco,Hipertensión,2899975,2004
Zacatecas,Hipertensión,460406,2004
Colima,Hipertensión,284193,2004
Tamaulipas,Hipertensión,1241757,2004
Coahuila,Hipertensión,464005,2015
Michoacán,Hipertensión,287868,2015
Chiapas,Hipertensión,204783,2015
D.F.,Hipertensión,1557804,2015
Baja California Sur,Hipertensión,97565,2015
Puebla,Hipertensión,535152,2015
Yucatán,Hipertensión,226953,2015
Baja California,Hipertensión,566390,2015
Veracruz,Hipertensión,733536,2015
Guanajuato,Hipertensión,326205,2015
Sonora,Hipertensión,396684,2015
Nayarit,Hipertensión,134709,2015
Morelos,Hipertensión,111280,2015
Oaxaca,Hipertensión,133215,2015
México,Hipertensión,1585422,2015
Aguascalientes,Hipertensión,201410,2015
Guerrero,Hipertensión,183165,2015
Hidalgo,Hipertensión,166998,2015
Chihuahua,Hipertensión,416534,2015
Tlaxcala,Hipertensión,83669,2015
Nuevo León,Hipertensión,1183004,2015
Durango,Hipertensión,199834,2015
Tabasco,Hipertensión,131834,2015
Sinaloa,Hipertensión,369367,2015
Campeche,Hipertensión,85993,2015
Quintana Roo,Hipertensión,153642,2015
Querétaro,Hipertensión,186260,2015
San Luis Potosí,Hipertensión,306467,2015
Jalisco,Hipertensión,969930,2015
Zacatecas,Hipertensión,69607,2015
Colima,Hipertensión,98868,2015
Tamaulipas,Hipertensión,472063,2015
Coahuila,Hipertensión,470890,2003
Michoacán,Hipertensión,293055,2003
Chiapas,Hipertensión,128826,2003
D.F.,Hipertensión,1233077,2003
Baja California Sur,Hipertensión,44330,2003
Puebla,Hipertensión,247998,2003
Yucatán,Hipertensión,203293,2003
Baja California,Hipertensión,285235,2003
Veracruz,Hipertensión,546747,2003
Guanajuato,Hipertensión,369268,2003
Sonora,Hipertensión,262850,2003
Nayarit,Hipertensión,63947,2003
Morelos,Hipertensión,123194,2003
Oaxaca,Hipertensión,75068,2003
México,Hipertensión,1042103,2003
Aguascalientes,Hipertensión,129778,2003
Guerrero,Hipertensión,145135,2003
Hidalgo,Hipertensión,171127,2003
Chihuahua,Hipertensión,379003,2003
Tlaxcala,Hipertensión,60180,2003
Nuevo León,Hipertensión,661514,2003
Durango,Hipertensión,157294,2003
Tabasco,Hipertensión,97669,2003
Sinaloa,Hipertensión,298158,2003
Campeche,Hipertensión,70308,2003
Quintana Roo,Hipertensión,111093,2003
Querétaro,Hipertensión,243883,2003
San Luis Potosí,Hipertensión,199536,2003
Jalisco,Hipertensión,661998,2003
Zacatecas,Hipertensión,64935,2003
Colima,Hipertensión,63057,2003
Tamaulipas,Hipertensión,299629,2003
Coahuila,Hipertensión,394544,2014
Michoacán,Hipertensión,230561,2014
Chiapas,Hipertensión,180896,2014
D.F.,Hipertensión,1335567,2014
Baja California Sur,Hipertensión,103563,2014
Puebla,Hipertensión,338234,2014
Yucatán,Hipertensión,207178,2014
Baja California,Hipertensión,509785,2014
Veracruz,Hipertensión,515315,2014
Guanajuato,Hipertensión,334067,2014
Sonora,Hipertensión,323917,2014
Nayarit,Hipertensión,119546,2014
Morelos,Hipertensión,155791,2014
Oaxaca,Hipertensión,127181,2014
México,Hipertensión,1475568,2014
Aguascalientes,Hipertensión,176456,2014
Guerrero,Hipertensión,157145,2014
Hidalgo,Hipertensión,163800,2014
Chihuahua,Hipertensión,413624,2014
Tlaxcala,Hipertensión,76631,2014
Nuevo León,Hipertensión,1041159,2014
Durango,Hipertensión,209617,2014
Tabasco,Hipertensión,107178,2014
Sinaloa,Hipertensión,315301,2014
Campeche,Hipertensión,81052,2014
Quintana Roo,Hipertensión,113085,2014
Querétaro,Hipertensión,185287,2014
San Luis Potosí,Hipertensión,283207,2014
Jalisco,Hipertensión,922120,2014
Zacatecas,Hipertensión,62210,2014
Colima,Hipertensión,93106,2014
Tamaulipas,Hipertensión,445122,2014
Coahuila,Hipertensión,300429,2002
Michoacán,Hipertensión,188558,2002
Chiapas,Hipertensión,103264,2002
D.F.,Hipertensión,844844,2002
Baja California Sur,Hipertensión,36716,2002
Puebla,Hipertensión,211236,2002
Yucatán,Hipertensión,152250,2002
Baja California,Hipertensión,190848,2002
Veracruz,Hipertensión,349095,2002
Guanajuato,Hipertensión,270903,2002
Sonora,Hipertensión,232402,2002
Nayarit,Hipertensión,64258,2002
Morelos,Hipertensión,92730,2002
Oaxaca,Hipertensión,85764,2002
México,Hipertensión,741722,2002
Aguascalientes,Hipertensión,96843,2002
Guerrero,Hipertensión,114956,2002
Hidalgo,Hipertensión,74449,2002
Chihuahua,Hipertensión,312059,2002
Tlaxcala,Hipertensión,65877,2002
Nuevo León,Hipertensión,514789,2002
Durango,Hipertensión,125677,2002
Tabasco,Hipertensión,74711,2002
Sinaloa,Hipertensión,229446,2002
Campeche,Hipertensión,47164,2002
Quintana Roo,Hipertensión,59327,2002
Querétaro,Hipertensión,90888,2002
San Luis Potosí,Hipertensión,141515,2002
Jalisco,Hipertensión,492549,2002
Zacatecas,Hipertensión,70249,2002
Colima,Hipertensión,43538,2002
Tamaulipas,Hipertensión,270038,2002
Coahuila,Hipertensión,448588,2013
Michoacán,Hipertensión,253864,2013
Chiapas,Hipertensión,183905,2013
D.F.,Hipertensión,1388108,2013
Baja California Sur,Hipertensión,121762,2013
Puebla,Hipertensión,374821,2013
Yucatán,Hipertensión,210121,2013
Baja California,Hipertensión,527778,2013
Veracruz,Hipertensión,564230,2013
Guanajuato,Hipertensión,414109,2013
Sonora,Hipertensión,359681,2013
Nayarit,Hipertensión,121193,2013
Morelos,Hipertensión,191004,2013
Oaxaca,Hipertensión,122572,2013
México,Hipertensión,1585014,2013
Aguascalientes,Hipertensión,168933,2013
Guerrero,Hipertensión,159840,2013
Hidalgo,Hipertensión,171493,2013
Chihuahua,Hipertensión,424368,2013
Tlaxcala,Hipertensión,75209,2013
Nuevo León,Hipertensión,1082555,2013
Durango,Hipertensión,275521,2013
Tabasco,Hipertensión,115702,2013
Sinaloa,Hipertensión,402451,2013
Campeche,Hipertensión,85037,2013
Quintana Roo,Hipertensión,102974,2013
Querétaro,Hipertensión,186990,2013
San Luis Potosí,Hipertensión,229295,2013
Jalisco,Hipertensión,954070,2013
Zacatecas,Hipertensión,61687,2013
Colima,Hipertensión,87020,2013
Tamaulipas,Hipertensión,461172,2013
Coahuila,Diabetes,224937,2001
Michoacán,Diabetes,130482,2001
Chiapas,Diabetes,75049,2001
D.F.,Diabetes,734924,2001
Baja California Sur,Diabetes,34749,2001
Puebla,Diabetes,175935,2001
Yucatán,Diabetes,119281,2001
Baja California,Diabetes,123325,2001
Veracruz,Diabetes,285734,2001
Guanajuato,Diabetes,253986,2001
Sonora,Diabetes,113616,2001
Nayarit,Diabetes,59761,2001
Morelos,Diabetes,76926,2001
Oaxaca,Diabetes,77993,2001
México,Diabetes,635334,2001
Aguascalientes,Diabetes,76375,2001
Guerrero,Diabetes,85526,2001
Hidalgo,Diabetes,60291,2001
Chihuahua,Diabetes,208851,2001
Tlaxcala,Diabetes,45091,2001
Nuevo León,Diabetes,398720,2001
Durango,Diabetes,105907,2001
Tabasco,Diabetes,54479,2001
Sinaloa,Diabetes,193680,2001
Campeche,Diabetes,41366,2001
Quintana Roo,Diabetes,33942,2001
Querétaro,Diabetes,63005,2001
San Luis Potosí,Diabetes,65122,2001
Jalisco,Diabetes,353475,2001
Zacatecas,Diabetes,49549,2001
Colima,Diabetes,46691,2001
Tamaulipas,Diabetes,226094,2001
Coahuila,Diabetes,421009,2012
Michoacán,Diabetes,223777,2012
Chiapas,Diabetes,133917,2012
D.F.,Diabetes,1370853,2012
Baja California Sur,Diabetes,96659,2012
Puebla,Diabetes,292179,2012
Yucatán,Diabetes,202579,2012
Baja California,Diabetes,455190,2012
Veracruz,Diabetes,533558,2012
Guanajuato,Diabetes,352057,2012
Sonora,Diabetes,363370,2012
Nayarit,Diabetes,106980,2012
Morelos,Diabetes,186949,2012
Oaxaca,Diabetes,122916,2012
México,Diabetes,1654403,2012
Aguascalientes,Diabetes,225115,2012
Guerrero,Diabetes,127938,2012
Hidalgo,Diabetes,132800,2012
Chihuahua,Diabetes,498673,2012
Tlaxcala,Diabetes,61347,2012
Nuevo León,Diabetes,996724,2012
Durango,Diabetes,283323,2012
Tabasco,Diabetes,58873,2012
Sinaloa,Diabetes,451371,2012
Campeche,Diabetes,44519,2012
Quintana Roo,Diabetes,69116,2012
Querétaro,Diabetes,122682,2012
San Luis Potosí,Diabetes,190356,2012
Jalisco,Diabetes,972370,2012
Zacatecas,Diabetes,56666,2012
Colima,Diabetes,79651,2012
Tamaulipas,Diabetes,315124,2012
Coahuila,Diabetes,179643,2000
Michoacán,Diabetes,131023,2000
Chiapas,Diabetes,82796,2000
D.F.,Diabetes,720886,2000
Baja California Sur,Diabetes,29843,2000
Puebla,Diabetes,194299,2000
Yucatán,Diabetes,115214,2000
Baja California,Diabetes,122240,2000
Veracruz,Diabetes,321658,2000
Guanajuato,Diabetes,228811,2000
Sonora,Diabetes,136037,2000
Nayarit,Diabetes,44770,2000
Morelos,Diabetes,90151,2000
Oaxaca,Diabetes,70951,2000
México,Diabetes,592700,2000
Aguascalientes,Diabetes,67543,2000
Guerrero,Diabetes,79404,2000
Hidalgo,Diabetes,57664,2000
Chihuahua,Diabetes,199771,2000
Tlaxcala,Diabetes,41538,2000
Nuevo León,Diabetes,414512,2000
Durango,Diabetes,98464,2000
Tabasco,Diabetes,50235,2000
Sinaloa,Diabetes,219987,2000
Campeche,Diabetes,41807,2000
Quintana Roo,Diabetes,52489,2000
Querétaro,Diabetes,64929,2000
San Luis Potosí,Diabetes,60937,2000
Jalisco,Diabetes,363714,2000
Zacatecas,Diabetes,46175,2000
Colima,Diabetes,42920,2000
Tamaulipas,Diabetes,221992,2000
Coahuila,Diabetes,404104,2011
Michoacán,Diabetes,196263,2011
Chiapas,Diabetes,137115,2011
D.F.,Diabetes,1258266,2011
Baja California Sur,Diabetes,94020,2011
Puebla,Diabetes,252665,2011
Yucatán,Diabetes,158040,2011
Baja California,Diabetes,390595,2011
Veracruz,Diabetes,468921,2011
Guanajuato,Diabetes,319572,2011
Sonora,Diabetes,333229,2011
Nayarit,Diabetes,104982,2011
Morelos,Diabetes,181640,2011
Oaxaca,Diabetes,114745,2011
México,Diabetes,1337238,2011
Aguascalientes,Diabetes,204349,2011
Guerrero,Diabetes,133297,2011
Hidalgo,Diabetes,118085,2011
Chihuahua,Diabetes,417307,2011
Tlaxcala,Diabetes,57895,2011
Nuevo León,Diabetes,865816,2011
Durango,Diabetes,273611,2011
Tabasco,Diabetes,43126,2011
Sinaloa,Diabetes,422212,2011
Campeche,Diabetes,39585,2011
Quintana Roo,Diabetes,56125,2011
Querétaro,Diabetes,135300,2011
San Luis Potosí,Diabetes,181273,2011
Jalisco,Diabetes,853525,2011
Zacatecas,Diabetes,56425,2011
Colima,Diabetes,74517,2011
Tamaulipas,Diabetes,286918,2011
Coahuila,Diabetes,359312,2010
Michoacán,Diabetes,197320,2010
Chiapas,Diabetes,138197,2010
D.F.,Diabetes,1126374,2010
Baja California Sur,Diabetes,94018,2010
Puebla,Diabetes,254973,2010
Yucatán,Diabetes,163850,2010
Baja California,Diabetes,319744,2010
Veracruz,Diabetes,466423,2010
Guanajuato,Diabetes,331682,2010
Sonora,Diabetes,259391,2010
Nayarit,Diabetes,77680,2010
Morelos,Diabetes,165798,2010
Oaxaca,Diabetes,94130,2010
México,Diabetes,1075664,2010
Aguascalientes,Diabetes,178663,2010
Guerrero,Diabetes,141208,2010
Hidalgo,Diabetes,98110,2010
Chihuahua,Diabetes,306279,2010
Tlaxcala,Diabetes,55483,2010
Nuevo León,Diabetes,713330,2010
Durango,Diabetes,204610,2010
Tabasco,Diabetes,38834,2010
Sinaloa,Diabetes,303134,2010
Campeche,Diabetes,37900,2010
Quintana Roo,Diabetes,71907,2010
Querétaro,Diabetes,155788,2010
San Luis Potosí,Diabetes,153837,2010
Jalisco,Diabetes,699100,2010
Zacatecas,Diabetes,60074,2010
Colima,Diabetes,68680,2010
Tamaulipas,Diabetes,318563,2010
Coahuila,Diabetes,285000,2009
Michoacán,Diabetes,203941,2009
Chiapas,Diabetes,145137,2009
D.F.,Diabetes,1116615,2009
Baja California Sur,Diabetes,67682,2009
Puebla,Diabetes,268833,2009
Yucatán,Diabetes,149361,2009
Baja California,Diabetes,226223,2009
Veracruz,Diabetes,372637,2009
Guanajuato,Diabetes,314975,2009
Sonora,Diabetes,257215,2009
Nayarit,Diabetes,58486,2009
Morelos,Diabetes,120891,2009
Oaxaca,Diabetes,70601,2009
México,Diabetes,839515,2009
Aguascalientes,Diabetes,142229,2009
Guerrero,Diabetes,139157,2009
Hidalgo,Diabetes,80566,2009
Chihuahua,Diabetes,294810,2009
Tlaxcala,Diabetes,51693,2009
Nuevo León,Diabetes,560261,2009
Durango,Diabetes,156244,2009
Tabasco,Diabetes,36379,2009
Sinaloa,Diabetes,238812,2009
Campeche,Diabetes,21644,2009
Quintana Roo,Diabetes,59540,2009
Querétaro,Diabetes,144821,2009
San Luis Potosí,Diabetes,144023,2009
Jalisco,Diabetes,544893,2009
Zacatecas,Diabetes,50362,2009
Colima,Diabetes,54534,2009
Tamaulipas,Diabetes,238917,2009
Coahuila,Diabetes,284550,2008
Michoacán,Diabetes,222616,2008
Chiapas,Diabetes,133367,2008
D.F.,Diabetes,920870,2008
Baja California Sur,Diabetes,65500,2008
Puebla,Diabetes,222817,2008
Yucatán,Diabetes,137939,2008
Baja California,Diabetes,253983,2008
Veracruz,Diabetes,416465,2008
Guanajuato,Diabetes,238322,2008
Sonora,Diabetes,225624,2008
Nayarit,Diabetes,62861,2008
Morelos,Diabetes,90289,2008
Oaxaca,Diabetes,67711,2008
México,Diabetes,728185,2008
Aguascalientes,Diabetes,133158,2008
Guerrero,Diabetes,126024,2008
Hidalgo,Diabetes,81043,2008
Chihuahua,Diabetes,255615,2008
Tlaxcala,Diabetes,51438,2008
Nuevo León,Diabetes,466138,2008
Durango,Diabetes,115408,2008
Tabasco,Diabetes,36710,2008
Sinaloa,Diabetes,194429,2008
Campeche,Diabetes,20968,2008
Quintana Roo,Diabetes,48227,2008
Querétaro,Diabetes,172443,2008
San Luis Potosí,Diabetes,168779,2008
Jalisco,Diabetes,642554,2008
Zacatecas,Diabetes,42603,2008
Colima,Diabetes,50894,2008
Tamaulipas,Diabetes,231250,2008
Coahuila,Diabetes,235882,2007
Michoacán,Diabetes,182762,2007
Chiapas,Diabetes,111003,2007
D.F.,Diabetes,607050,2007
Baja California Sur,Diabetes,43319,2007
Puebla,Diabetes,151475,2007
Yucatán,Diabetes,108336,2007
Baja California,Diabetes,206365,2007
Veracruz,Diabetes,338506,2007
Guanajuato,Diabetes,242532,2007
Sonora,Diabetes,178656,2007
Nayarit,Diabetes,66401,2007
Morelos,Diabetes,83713,2007
Oaxaca,Diabetes,57414,2007
México,Diabetes,652073,2007
Aguascalientes,Diabetes,78604,2007
Guerrero,Diabetes,121102,2007
Hidalgo,Diabetes,76123,2007
Chihuahua,Diabetes,219450,2007
Tlaxcala,Diabetes,45357,2007
Nuevo León,Diabetes,296307,2007
Durango,Diabetes,103150,2007
Tabasco,Diabetes,33611,2007
Sinaloa,Diabetes,159611,2007
Campeche,Diabetes,29228,2007
Quintana Roo,Diabetes,55508,2007
Querétaro,Diabetes,114698,2007
San Luis Potosí,Diabetes,135611,2007
Jalisco,Diabetes,499633,2007
Zacatecas,Diabetes,39863,2007
Colima,Diabetes,39648,2007
Tamaulipas,Diabetes,171559,2007
Coahuila,Diabetes,119856,2006
Michoacán,Diabetes,81738,2006
Chiapas,Diabetes,35600,2006
D.F.,Diabetes,321573,2006
Baja California Sur,Diabetes,21050,2006
Puebla,Diabetes,77829,2006
Yucatán,Diabetes,67405,2006
Baja California,Diabetes,73488,2006
Veracruz,Diabetes,194298,2006
Guanajuato,Diabetes,132370,2006
Sonora,Diabetes,76606,2006
Nayarit,Diabetes,32907,2006
Morelos,Diabetes,43161,2006
Oaxaca,Diabetes,27208,2006
México,Diabetes,290096,2006
Aguascalientes,Diabetes,29483,2006
Guerrero,Diabetes,68286,2006
Hidalgo,Diabetes,38248,2006
Chihuahua,Diabetes,119561,2006
Tlaxcala,Diabetes,16765,2006
Nuevo León,Diabetes,196877,2006
Durango,Diabetes,41499,2006
Tabasco,Diabetes,23383,2006
Sinaloa,Diabetes,107343,2006
Campeche,Diabetes,24160,2006
Quintana Roo,Diabetes,28354,2006
Querétaro,Diabetes,46806,2006
San Luis Potosí,Diabetes,44652,2006
Jalisco,Diabetes,211503,2006
Zacatecas,Diabetes,23782,2006
Colima,Diabetes,21803,2006
Tamaulipas,Diabetes,83731,2006
Coahuila,Diabetes,92649,2005
Michoacán,Diabetes,54767,2005
Chiapas,Diabetes,14784,2005
D.F.,Diabetes,263506,2005
Baja California Sur,Diabetes,13408,2005
Puebla,Diabetes,58889,2005
Yucatán,Diabetes,42288,2005
Baja California,Diabetes,42437,2005
Veracruz,Diabetes,146922,2005
Guanajuato,Diabetes,65203,2005
Sonora,Diabetes,43419,2005
Nayarit,Diabetes,14270,2005
Morelos,Diabetes,28522,2005
Oaxaca,Diabetes,17188,2005
México,Diabetes,189306,2005
Aguascalientes,Diabetes,21357,2005
Guerrero,Diabetes,48952,2005
Hidalgo,Diabetes,22981,2005
Chihuahua,Diabetes,93994,2005
Tlaxcala,Diabetes,11198,2005
Nuevo León,Diabetes,134003,2005
Durango,Diabetes,30547,2005
Tabasco,Diabetes,12858,2005
Sinaloa,Diabetes,78712,2005
Campeche,Diabetes,13777,2005
Quintana Roo,Diabetes,15432,2005
Querétaro,Diabetes,34419,2005
San Luis Potosí,Diabetes,37809,2005
Jalisco,Diabetes,128065,2005
Zacatecas,Diabetes,18486,2005
Colima,Diabetes,13492,2005
Tamaulipas,Diabetes,47432,2005
Coahuila,Diabetes,536878,2016
Michoacán,Diabetes,374715,2016
Chiapas,Diabetes,212872,2016
D.F.,Diabetes,2251944,2016
Baja California Sur,Diabetes,105938,2016
Puebla,Diabetes,451941,2016
Yucatán,Diabetes,237037,2016
Baja California,Diabetes,585283,2016
Veracruz,Diabetes,691701,2016
Guanajuato,Diabetes,368795,2016
Sonora,Diabetes,455628,2016
Nayarit,Diabetes,139909,2016
Morelos,Diabetes,169177,2016
Oaxaca,Diabetes,135721,2016
México,Diabetes,1538663,2016
Aguascalientes,Diabetes,228371,2016
Guerrero,Diabetes,189668,2016
Hidalgo,Diabetes,153988,2016
Chihuahua,Diabetes,517195,2016
Tlaxcala,Diabetes,104323,2016
Nuevo León,Diabetes,1392412,2016
Durango,Diabetes,236980,2016
Tabasco,Diabetes,190410,2016
Sinaloa,Diabetes,452453,2016
Campeche,Diabetes,108251,2016
Quintana Roo,Diabetes,207747,2016
Querétaro,Diabetes,201159,2016
San Luis Potosí,Diabetes,343432,2016
Jalisco,Diabetes,1034163,2016
Zacatecas,Diabetes,64474,2016
Colima,Diabetes,107724,2016
Tamaulipas,Diabetes,571272,2016
Coahuila,Diabetes,363994,2004
Michoacán,Diabetes,170582,2004
Chiapas,Diabetes,58580,2004
D.F.,Diabetes,775887,2004
Baja California Sur,Diabetes,89279,2004
Puebla,Diabetes,290450,2004
Yucatán,Diabetes,151960,2004
Baja California,Diabetes,158505,2004
Veracruz,Diabetes,551408,2004
Guanajuato,Diabetes,238961,2004
Sonora,Diabetes,130045,2004
Nayarit,Diabetes,29875,2004
Morelos,Diabetes,106465,2004
Oaxaca,Diabetes,76650,2004
México,Diabetes,659438,2004
Aguascalientes,Diabetes,74935,2004
Guerrero,Diabetes,118622,2004
Hidalgo,Diabetes,75648,2004
Chihuahua,Diabetes,338580,2004
Tlaxcala,Diabetes,44448,2004
Nuevo León,Diabetes,539394,2004
Durango,Diabetes,118771,2004
Tabasco,Diabetes,41517,2004
Sinaloa,Diabetes,302588,2004
Campeche,Diabetes,63447,2004
Quintana Roo,Diabetes,111251,2004
Querétaro,Diabetes,158768,2004
San Luis Potosí,Diabetes,145502,2004
Jalisco,Diabetes,488321,2004
Zacatecas,Diabetes,43589,2004
Colima,Diabetes,44102,2004
Tamaulipas,Diabetes,229312,2004
Coahuila,Diabetes,478300,2015
Michoacán,Diabetes,307000,2015
Chiapas,Diabetes,188511,2015
D.F.,Diabetes,1898146,2015
Baja California Sur,Diabetes,73752,2015
Puebla,Diabetes,349825,2015
Yucatán,Diabetes,189396,2015
Baja California,Diabetes,582879,2015
Veracruz,Diabetes,698323,2015
Guanajuato,Diabetes,263252,2015
Sonora,Diabetes,441915,2015
Nayarit,Diabetes,133951,2015
Morelos,Diabetes,105811,2015
Oaxaca,Diabetes,118744,2015
México,Diabetes,1481971,2015
Aguascalientes,Diabetes,234123,2015
Guerrero,Diabetes,178610,2015
Hidalgo,Diabetes,142628,2015
Chihuahua,Diabetes,440178,2015
Tlaxcala,Diabetes,76751,2015
Nuevo León,Diabetes,1246983,2015
Durango,Diabetes,215914,2015
Tabasco,Diabetes,113499,2015
Sinaloa,Diabetes,415299,2015
Campeche,Diabetes,67127,2015
Quintana Roo,Diabetes,129828,2015
Querétaro,Diabetes,176199,2015
San Luis Potosí,Diabetes,289503,2015
Jalisco,Diabetes,1001923,2015
Zacatecas,Diabetes,70501,2015
Colima,Diabetes,93374,2015
Tamaulipas,Diabetes,510867,2015
Coahuila,Diabetes,266316,2003
Michoacán,Diabetes,173994,2003
Chiapas,Diabetes,75491,2003
D.F.,Diabetes,817083,2003
Baja California Sur,Diabetes,38348,2003
Puebla,Diabetes,150251,2003
Yucatán,Diabetes,156252,2003
Baja California,Diabetes,178379,2003
Veracruz,Diabetes,374204,2003
Guanajuato,Diabetes,240753,2003
Sonora,Diabetes,188747,2003
Nayarit,Diabetes,38870,2003
Morelos,Diabetes,91569,2003
Oaxaca,Diabetes,59226,2003
México,Diabetes,721251,2003
Aguascalientes,Diabetes,74338,2003
Guerrero,Diabetes,102630,2003
Hidalgo,Diabetes,143999,2003
Chihuahua,Diabetes,244106,2003
Tlaxcala,Diabetes,45317,2003
Nuevo León,Diabetes,522584,2003
Durango,Diabetes,134825,2003
Tabasco,Diabetes,65241,2003
Sinaloa,Diabetes,187831,2003
Campeche,Diabetes,53694,2003
Quintana Roo,Diabetes,68408,2003
Querétaro,Diabetes,139095,2003
San Luis Potosí,Diabetes,107291,2003
Jalisco,Diabetes,386968,2003
Zacatecas,Diabetes,47165,2003
Colima,Diabetes,38906,2003
Tamaulipas,Diabetes,260945,2003
Coahuila,Diabetes,379859,2014
Michoacán,Diabetes,196231,2014
Chiapas,Diabetes,109383,2014
D.F.,Diabetes,1468749,2014
Baja California Sur,Diabetes,74061,2014
Puebla,Diabetes,239675,2014
Yucatán,Diabetes,170555,2014
Baja California,Diabetes,391975,2014
Veracruz,Diabetes,430178,2014
Guanajuato,Diabetes,230340,2014
Sonora,Diabetes,293261,2014
Nayarit,Diabetes,107023,2014
Morelos,Diabetes,129292,2014
Oaxaca,Diabetes,103598,2014
México,Diabetes,1307794,2014
Aguascalientes,Diabetes,179898,2014
Guerrero,Diabetes,128058,2014
Hidalgo,Diabetes,124510,2014
Chihuahua,Diabetes,433229,2014
Tlaxcala,Diabetes,61870,2014
Nuevo León,Diabetes,1011234,2014
Durango,Diabetes,193841,2014
Tabasco,Diabetes,60665,2014
Sinaloa,Diabetes,317299,2014
Campeche,Diabetes,55157,2014
Quintana Roo,Diabetes,73046,2014
Querétaro,Diabetes,100456,2014
San Luis Potosí,Diabetes,244569,2014
Jalisco,Diabetes,866436,2014
Zacatecas,Diabetes,52015,2014
Colima,Diabetes,66589,2014
Tamaulipas,Diabetes,371851,2014
Coahuila,Diabetes,219128,2002
Michoacán,Diabetes,124015,2002
Chiapas,Diabetes,76566,2002
D.F.,Diabetes,770311,2002
Baja California Sur,Diabetes,34263,2002
Puebla,Diabetes,138801,2002
Yucatán,Diabetes,129223,2002
Baja California,Diabetes,113658,2002
Veracruz,Diabetes,261688,2002
Guanajuato,Diabetes,218135,2002
Sonora,Diabetes,139717,2002
Nayarit,Diabetes,37094,2002
Morelos,Diabetes,80464,2002
Oaxaca,Diabetes,73374,2002
México,Diabetes,720450,2002
Aguascalientes,Diabetes,77405,2002
Guerrero,Diabetes,113091,2002
Hidalgo,Diabetes,54763,2002
Chihuahua,Diabetes,251252,2002
Tlaxcala,Diabetes,51927,2002
Nuevo León,Diabetes,405432,2002
Durango,Diabetes,105794,2002
Tabasco,Diabetes,61908,2002
Sinaloa,Diabetes,171939,2002
Campeche,Diabetes,46574,2002
Quintana Roo,Diabetes,43530,2002
Querétaro,Diabetes,73942,2002
San Luis Potosí,Diabetes,117498,2002
Jalisco,Diabetes,320156,2002
Zacatecas,Diabetes,52899,2002
Colima,Diabetes,39286,2002
Tamaulipas,Diabetes,237023,2002
Coahuila,Diabetes,435345,2013
Michoacán,Diabetes,211789,2013
Chiapas,Diabetes,126406,2013
D.F.,Diabetes,1810921,2013
Baja California Sur,Diabetes,102908,2013
Puebla,Diabetes,266187,2013
Yucatán,Diabetes,204450,2013
Baja California,Diabetes,418876,2013
Veracruz,Diabetes,509864,2013
Guanajuato,Diabetes,327014,2013
Sonora,Diabetes,352556,2013
Nayarit,Diabetes,103376,2013
Morelos,Diabetes,176208,2013
Oaxaca,Diabetes,112501,2013
México,Diabetes,1714152,2013
Aguascalientes,Diabetes,194036,2013
Guerrero,Diabetes,131882,2013
Hidalgo,Diabetes,135337,2013
Chihuahua,Diabetes,471558,2013
Tlaxcala,Diabetes,60459,2013
Nuevo León,Diabetes,1211010,2013
Durango,Diabetes,291250,2013
Tabasco,Diabetes,67947,2013
Sinaloa,Diabetes,464545,2013
Campeche,Diabetes,58167,2013
Quintana Roo,Diabetes,75991,2013
Querétaro,Diabetes,156711,2013
San Luis Potosí,Diabetes,190933,2013
Jalisco,Diabetes,1020871,2013
Zacatecas,Diabetes,53255,2013
Colima,Diabetes,66771,2013
Tamaulipas,Diabetes,380147,2013
Coahuila,Cáncer mamario,61285,2001
Michoacán,Cáncer mamario,59922,2001
Chiapas,Cáncer mamario,38264,2001
D.F.,Cáncer mamario,305001,2001
Baja California Sur,Cáncer mamario,14736,2001
Puebla,Cáncer mamario,79210,2001
Yucatán,Cáncer mamario,37366,2001
Baja California,Cáncer mamario,67355,2001
Veracruz,Cáncer mamario,152584,2001
Guanajuato,Cáncer mamario,117540,2001
Sonora,Cáncer mamario,54691,2001
Nayarit,Cáncer mamario,21418,2001
Morelos,Cáncer mamario,40785,2001
Oaxaca,Cáncer mamario,39087,2001
México,Cáncer mamario,263833,2001
Aguascalientes,Cáncer mamario,29255,2001
Guerrero,Cáncer mamario,33616,2001
Hidalgo,Cáncer mamario,27052,2001
Chihuahua,Cáncer mamario,86720,2001
Tlaxcala,Cáncer mamario,25437,2001
Nuevo León,Cáncer mamario,151800,2001
Durango,Cáncer mamario,36336,2001
Tabasco,Cáncer mamario,27576,2001
Sinaloa,Cáncer mamario,99320,2001
Campeche,Cáncer mamario,18326,2001
Quintana Roo,Cáncer mamario,26894,2001
Querétaro,Cáncer mamario,28728,2001
San Luis Potosí,Cáncer mamario,55963,2001
Jalisco,Cáncer mamario,149913,2001
Zacatecas,Cáncer mamario,21904,2001
Colima,Cáncer mamario,25590,2001
Tamaulipas,Cáncer mamario,93449,2001
Coahuila,Cáncer mamario,242627,2012
Michoacán,Cáncer mamario,217888,2012
Chiapas,Cáncer mamario,63366,2012
D.F.,Cáncer mamario,823862,2012
Baja California Sur,Cáncer mamario,93480,2012
Puebla,Cáncer mamario,222167,2012
Yucatán,Cáncer mamario,113812,2012
Baja California,Cáncer mamario,205494,2012
Veracruz,Cáncer mamario,489772,2012
Guanajuato,Cáncer mamario,388383,2012
Sonora,Cáncer mamario,141732,2012
Nayarit,Cáncer mamario,78089,2012
Morelos,Cáncer mamario,94016,2012
Oaxaca,Cáncer mamario,54982,2012
México,Cáncer mamario,804875,2012
Aguascalientes,Cáncer mamario,105285,2012
Guerrero,Cáncer mamario,75298,2012
Hidalgo,Cáncer mamario,121366,2012
Chihuahua,Cáncer mamario,208354,2012
Tlaxcala,Cáncer mamario,53746,2012
Nuevo León,Cáncer mamario,621274,2012
Durango,Cáncer mamario,123105,2012
Tabasco,Cáncer mamario,96576,2012
Sinaloa,Cáncer mamario,170059,2012
Campeche,Cáncer mamario,59448,2012
Quintana Roo,Cáncer mamario,67157,2012
Querétaro,Cáncer mamario,131458,2012
San Luis Potosí,Cáncer mamario,157535,2012
Jalisco,Cáncer mamario,408694,2012
Zacatecas,Cáncer mamario,41864,2012
Colima,Cáncer mamario,41447,2012
Tamaulipas,Cáncer mamario,163402,2012
Coahuila,Cáncer mamario,53247,2000
Michoacán,Cáncer mamario,63379,2000
Chiapas,Cáncer mamario,30634,2000
D.F.,Cáncer mamario,289812,2000
Baja California Sur,Cáncer mamario,13967,2000
Puebla,Cáncer mamario,82622,2000
Yucatán,Cáncer mamario,38885,2000
Baja California,Cáncer mamario,62837,2000
Veracruz,Cáncer mamario,171894,2000
Guanajuato,Cáncer mamario,111654,2000
Sonora,Cáncer mamario,53320,2000
Nayarit,Cáncer mamario,21301,2000
Morelos,Cáncer mamario,42429,2000
Oaxaca,Cáncer mamario,39203,2000
México,Cáncer mamario,238434,2000
Aguascalientes,Cáncer mamario,26009,2000
Guerrero,Cáncer mamario,33401,2000
Hidalgo,Cáncer mamario,31665,2000
Chihuahua,Cáncer mamario,87122,2000
Tlaxcala,Cáncer mamario,21906,2000
Nuevo León,Cáncer mamario,149235,2000
Durango,Cáncer mamario,32888,2000
Tabasco,Cáncer mamario,20408,2000
Sinaloa,Cáncer mamario,86933,2000
Campeche,Cáncer mamario,17871,2000
Quintana Roo,Cáncer mamario,27419,2000
Querétaro,Cáncer mamario,27021,2000
San Luis Potosí,Cáncer mamario,40457,2000
Jalisco,Cáncer mamario,151239,2000
Zacatecas,Cáncer mamario,18015,2000
Colima,Cáncer mamario,24920,2000
Tamaulipas,Cáncer mamario,91848,2000
Coahuila,Cáncer mamario,233023,2011
Michoacán,Cáncer mamario,168381,2011
Chiapas,Cáncer mamario,59512,2011
D.F.,Cáncer mamario,757658,2011
Baja California Sur,Cáncer mamario,81929,2011
Puebla,Cáncer mamario,211127,2011
Yucatán,Cáncer mamario,109279,2011
Baja California,Cáncer mamario,164273,2011
Veracruz,Cáncer mamario,429598,2011
Guanajuato,Cáncer mamario,304102,2011
Sonora,Cáncer mamario,96971,2011
Nayarit,Cáncer mamario,75436,2011
Morelos,Cáncer mamario,80392,2011
Oaxaca,Cáncer mamario,55552,2011
México,Cáncer mamario,732928,2011
Aguascalientes,Cáncer mamario,108924,2011
Guerrero,Cáncer mamario,74562,2011
Hidalgo,Cáncer mamario,106285,2011
Chihuahua,Cáncer mamario,175581,2011
Tlaxcala,Cáncer mamario,54310,2011
Nuevo León,Cáncer mamario,566259,2011
Durango,Cáncer mamario,118291,2011
Tabasco,Cáncer mamario,69700,2011
Sinaloa,Cáncer mamario,170996,2011
Campeche,Cáncer mamario,60446,2011
Quintana Roo,Cáncer mamario,57424,2011
Querétaro,Cáncer mamario,122070,2011
San Luis Potosí,Cáncer mamario,152959,2011
Jalisco,Cáncer mamario,363045,2011
Zacatecas,Cáncer mamario,35629,2011
Colima,Cáncer mamario,32394,2011
Tamaulipas,Cáncer mamario,137028,2011
Coahuila,Cáncer mamario,222388,2010
Michoacán,Cáncer mamario,113879,2010
Chiapas,Cáncer mamario,71881,2010
D.F.,Cáncer mamario,820369,2010
Baja California Sur,Cáncer mamario,82865,2010
Puebla,Cáncer mamario,223797,2010
Yucatán,Cáncer mamario,119822,2010
Baja California,Cáncer mamario,122762,2010
Veracruz,Cáncer mamario,418388,2010
Guanajuato,Cáncer mamario,324005,2010
Sonora,Cáncer mamario,80200,2010
Nayarit,Cáncer mamario,56079,2010
Morelos,Cáncer mamario,82798,2010
Oaxaca,Cáncer mamario,45274,2010
México,Cáncer mamario,735500,2010
Aguascalientes,Cáncer mamario,125712,2010
Guerrero,Cáncer mamario,71011,2010
Hidalgo,Cáncer mamario,78048,2010
Chihuahua,Cáncer mamario,130411,2010
Tlaxcala,Cáncer mamario,40549,2010
Nuevo León,Cáncer mamario,569132,2010
Durango,Cáncer mamario,113075,2010
Tabasco,Cáncer mamario,69776,2010
Sinaloa,Cáncer mamario,129374,2010
Campeche,Cáncer mamario,58523,2010
Quintana Roo,Cáncer mamario,77902,2010
Querétaro,Cáncer mamario,121116,2010
San Luis Potosí,Cáncer mamario,157151,2010
Jalisco,Cáncer mamario,358646,2010
Zacatecas,Cáncer mamario,37151,2010
Colima,Cáncer mamario,36996,2010
Tamaulipas,Cáncer mamario,168315,2010
Coahuila,Cáncer mamario,198804,2009
Michoacán,Cáncer mamario,85466,2009
Chiapas,Cáncer mamario,73009,2009
D.F.,Cáncer mamario,824069,2009
Baja California Sur,Cáncer mamario,48486,2009
Puebla,Cáncer mamario,198685,2009
Yucatán,Cáncer mamario,92371,2009
Baja California,Cáncer mamario,97274,2009
Veracruz,Cáncer mamario,341555,2009
Guanajuato,Cáncer mamario,286540,2009
Sonora,Cáncer mamario,89417,2009
Nayarit,Cáncer mamario,48175,2009
Morelos,Cáncer mamario,75909,2009
Oaxaca,Cáncer mamario,36752,2009
México,Cáncer mamario,572570,2009
Aguascalientes,Cáncer mamario,88425,2009
Guerrero,Cáncer mamario,68251,2009
Hidalgo,Cáncer mamario,50270,2009
Chihuahua,Cáncer mamario,135309,2009
Tlaxcala,Cáncer mamario,32227,2009
Nuevo León,Cáncer mamario,439931,2009
Durango,Cáncer mamario,101518,2009
Tabasco,Cáncer mamario,64434,2009
Sinaloa,Cáncer mamario,108772,2009
Campeche,Cáncer mamario,36664,2009
Quintana Roo,Cáncer mamario,76033,2009
Querétaro,Cáncer mamario,100970,2009
San Luis Potosí,Cáncer mamario,132111,2009
Jalisco,Cáncer mamario,303022,2009
Zacatecas,Cáncer mamario,27573,2009
Colima,Cáncer mamario,28315,2009
Tamaulipas,Cáncer mamario,119719,2009
Coahuila,Cáncer mamario,182500,2008
Michoacán,Cáncer mamario,93627,2008
Chiapas,Cáncer mamario,71575,2008
D.F.,Cáncer mamario,628012,2008
Baja California Sur,Cáncer mamario,50348,2008
Puebla,Cáncer mamario,240554,2008
Yucatán,Cáncer mamario,88210,2008
Baja California,Cáncer mamario,82561,2008
Veracruz,Cáncer mamario,347550,2008
Guanajuato,Cáncer mamario,223866,2008
Sonora,Cáncer mamario,73608,2008
Nayarit,Cáncer mamario,52290,2008
Morelos,Cáncer mamario,56474,2008
Oaxaca,Cáncer mamario,36174,2008
México,Cáncer mamario,427621,2008
Aguascalientes,Cáncer mamario,98184,2008
Guerrero,Cáncer mamario,62281,2008
Hidalgo,Cáncer mamario,44903,2008
Chihuahua,Cáncer mamario,140363,2008
Tlaxcala,Cáncer mamario,27533,2008
Nuevo León,Cáncer mamario,449018,2008
Durango,Cáncer mamario,53606,2008
Tabasco,Cáncer mamario,60363,2008
Sinaloa,Cáncer mamario,89382,2008
Campeche,Cáncer mamario,29947,2008
Quintana Roo,Cáncer mamario,48785,2008
Querétaro,Cáncer mamario,114534,2008
San Luis Potosí,Cáncer mamario,136981,2008
Jalisco,Cáncer mamario,342943,2008
Zacatecas,Cáncer mamario,26112,2008
Colima,Cáncer mamario,21498,2008
Tamaulipas,Cáncer mamario,120738,2008
Coahuila,Cáncer mamario,107601,2007
Michoacán,Cáncer mamario,74332,2007
Chiapas,Cáncer mamario,44702,2007
D.F.,Cáncer mamario,335160,2007
Baja California Sur,Cáncer mamario,25826,2007
Puebla,Cáncer mamario,96590,2007
Yucatán,Cáncer mamario,51645,2007
Baja California,Cáncer mamario,77600,2007
Veracruz,Cáncer mamario,234583,2007
Guanajuato,Cáncer mamario,176933,2007
Sonora,Cáncer mamario,61701,2007
Nayarit,Cáncer mamario,50440,2007
Morelos,Cáncer mamario,40773,2007
Oaxaca,Cáncer mamario,22202,2007
México,Cáncer mamario,340575,2007
Aguascalientes,Cáncer mamario,32602,2007
Guerrero,Cáncer mamario,64752,2007
Hidalgo,Cáncer mamario,38129,2007
Chihuahua,Cáncer mamario,99741,2007
Tlaxcala,Cáncer mamario,22790,2007
Nuevo León,Cáncer mamario,143201,2007
Durango,Cáncer mamario,43072,2007
Tabasco,Cáncer mamario,42606,2007
Sinaloa,Cáncer mamario,71431,2007
Campeche,Cáncer mamario,23728,2007
Quintana Roo,Cáncer mamario,38507,2007
Querétaro,Cáncer mamario,77426,2007
San Luis Potosí,Cáncer mamario,96344,2007
Jalisco,Cáncer mamario,209892,2007
Zacatecas,Cáncer mamario,21604,2007
Colima,Cáncer mamario,14985,2007
Tamaulipas,Cáncer mamario,74066,2007
Coahuila,Cáncer mamario,192351,2006
Michoacán,Cáncer mamario,110792,2006
Chiapas,Cáncer mamario,43568,2006
D.F.,Cáncer mamario,371301,2006
Baja California Sur,Cáncer mamario,33082,2006
Puebla,Cáncer mamario,92100,2006
Yucatán,Cáncer mamario,82446,2006
Baja California,Cáncer mamario,126909,2006
Veracruz,Cáncer mamario,222920,2006
Guanajuato,Cáncer mamario,259246,2006
Sonora,Cáncer mamario,93483,2006
Nayarit,Cáncer mamario,44748,2006
Morelos,Cáncer mamario,43012,2006
Oaxaca,Cáncer mamario,32623,2006
México,Cáncer mamario,404457,2006
Aguascalientes,Cáncer mamario,42093,2006
Guerrero,Cáncer mamario,90250,2006
Hidalgo,Cáncer mamario,47860,2006
Chihuahua,Cáncer mamario,128243,2006
Tlaxcala,Cáncer mamario,21145,2006
Nuevo León,Cáncer mamario,296301,2006
Durango,Cáncer mamario,57022,2006
Tabasco,Cáncer mamario,42402,2006
Sinaloa,Cáncer mamario,108822,2006
Campeche,Cáncer mamario,35237,2006
Quintana Roo,Cáncer mamario,48538,2006
Querétaro,Cáncer mamario,79638,2006
San Luis Potosí,Cáncer mamario,93712,2006
Jalisco,Cáncer mamario,271393,2006
Zacatecas,Cáncer mamario,33239,2006
Colima,Cáncer mamario,29057,2006
Tamaulipas,Cáncer mamario,138342,2006
Coahuila,Cáncer mamario,113961,2005
Michoacán,Cáncer mamario,65733,2005
Chiapas,Cáncer mamario,19235,2005
D.F.,Cáncer mamario,282981,2005
Baja California Sur,Cáncer mamario,23093,2005
Puebla,Cáncer mamario,66484,2005
Yucatán,Cáncer mamario,51206,2005
Baja California,Cáncer mamario,59385,2005
Veracruz,Cáncer mamario,154781,2005
Guanajuato,Cáncer mamario,152358,2005
Sonora,Cáncer mamario,46609,2005
Nayarit,Cáncer mamario,28091,2005
Morelos,Cáncer mamario,26286,2005
Oaxaca,Cáncer mamario,18841,2005
México,Cáncer mamario,257037,2005
Aguascalientes,Cáncer mamario,30973,2005
Guerrero,Cáncer mamario,54598,2005
Hidalgo,Cáncer mamario,29724,2005
Chihuahua,Cáncer mamario,88882,2005
Tlaxcala,Cáncer mamario,14353,2005
Nuevo León,Cáncer mamario,172788,2005
Durango,Cáncer mamario,42573,2005
Tabasco,Cáncer mamario,28911,2005
Sinaloa,Cáncer mamario,67794,2005
Campeche,Cáncer mamario,25001,2005
Quintana Roo,Cáncer mamario,23544,2005
Querétaro,Cáncer mamario,43215,2005
San Luis Potosí,Cáncer mamario,79321,2005
Jalisco,Cáncer mamario,166196,2005
Zacatecas,Cáncer mamario,29042,2005
Colima,Cáncer mamario,22108,2005
Tamaulipas,Cáncer mamario,97420,2005
Coahuila,Cáncer mamario,270956,2016
Michoacán,Cáncer mamario,200534,2016
Chiapas,Cáncer mamario,62197,2016
D.F.,Cáncer mamario,694109,2016
Baja California Sur,Cáncer mamario,67495,2016
Puebla,Cáncer mamario,224881,2016
Yucatán,Cáncer mamario,123438,2016
Baja California,Cáncer mamario,192958,2016
Veracruz,Cáncer mamario,431137,2016
Guanajuato,Cáncer mamario,172930,2016
Sonora,Cáncer mamario,243113,2016
Nayarit,Cáncer mamario,70219,2016
Morelos,Cáncer mamario,94652,2016
Oaxaca,Cáncer mamario,59852,2016
México,Cáncer mamario,538560,2016
Aguascalientes,Cáncer mamario,130126,2016
Guerrero,Cáncer mamario,75951,2016
Hidalgo,Cáncer mamario,83931,2016
Chihuahua,Cáncer mamario,191912,2016
Tlaxcala,Cáncer mamario,62688,2016
Nuevo León,Cáncer mamario,549588,2016
Durango,Cáncer mamario,72301,2016
Tabasco,Cáncer mamario,77579,2016
Sinaloa,Cáncer mamario,158893,2016
Campeche,Cáncer mamario,60594,2016
Quintana Roo,Cáncer mamario,75513,2016
Querétaro,Cáncer mamario,129973,2016
San Luis Potosí,Cáncer mamario,191581,2016
Jalisco,Cáncer mamario,372552,2016
Zacatecas,Cáncer mamario,35900,2016
Colima,Cáncer mamario,36224,2016
Tamaulipas,Cáncer mamario,190378,2016
Coahuila,Cáncer mamario,107070,2004
Michoacán,Cáncer mamario,60521,2004
Chiapas,Cáncer mamario,20628,2004
D.F.,Cáncer mamario,269041,2004
Baja California Sur,Cáncer mamario,25272,2004
Puebla,Cáncer mamario,127540,2004
Yucatán,Cáncer mamario,42185,2004
Baja California,Cáncer mamario,56642,2004
Veracruz,Cáncer mamario,170119,2004
Guanajuato,Cáncer mamario,132350,2004
Sonora,Cáncer mamario,43932,2004
Nayarit,Cáncer mamario,32546,2004
Morelos,Cáncer mamario,39942,2004
Oaxaca,Cáncer mamario,24671,2004
México,Cáncer mamario,258914,2004
Aguascalientes,Cáncer mamario,27458,2004
Guerrero,Cáncer mamario,42512,2004
Hidalgo,Cáncer mamario,49062,2004
Chihuahua,Cáncer mamario,77613,2004
Tlaxcala,Cáncer mamario,16631,2004
Nuevo León,Cáncer mamario,144257,2004
Durango,Cáncer mamario,32225,2004
Tabasco,Cáncer mamario,20514,2004
Sinaloa,Cáncer mamario,83726,2004
Campeche,Cáncer mamario,24363,2004
Quintana Roo,Cáncer mamario,25182,2004
Querétaro,Cáncer mamario,63193,2004
San Luis Potosí,Cáncer mamario,59930,2004
Jalisco,Cáncer mamario,114617,2004
Zacatecas,Cáncer mamario,32645,2004
Colima,Cáncer mamario,20187,2004
Tamaulipas,Cáncer mamario,106248,2004
Coahuila,Cáncer mamario,277211,2015
Michoacán,Cáncer mamario,214700,2015
Chiapas,Cáncer mamario,69461,2015
D.F.,Cáncer mamario,723266,2015
Baja California Sur,Cáncer mamario,70706,2015
Puebla,Cáncer mamario,227876,2015
Yucatán,Cáncer mamario,98894,2015
Baja California,Cáncer mamario,227494,2015
Veracruz,Cáncer mamario,504634,2015
Guanajuato,Cáncer mamario,171839,2015
Sonora,Cáncer mamario,248149,2015
Nayarit,Cáncer mamario,73416,2015
Morelos,Cáncer mamario,74625,2015
Oaxaca,Cáncer mamario,59175,2015
México,Cáncer mamario,611090,2015
Aguascalientes,Cáncer mamario,142513,2015
Guerrero,Cáncer mamario,88128,2015
Hidalgo,Cáncer mamario,99406,2015
Chihuahua,Cáncer mamario,204631,2015
Tlaxcala,Cáncer mamario,59977,2015
Nuevo León,Cáncer mamario,527647,2015
Durango,Cáncer mamario,84145,2015
Tabasco,Cáncer mamario,83517,2015
Sinaloa,Cáncer mamario,185853,2015
Campeche,Cáncer mamario,60814,2015
Quintana Roo,Cáncer mamario,71886,2015
Querétaro,Cáncer mamario,142242,2015
San Luis Potosí,Cáncer mamario,172686,2015
Jalisco,Cáncer mamario,364619,2015
Zacatecas,Cáncer mamario,39783,2015
Colima,Cáncer mamario,33503,2015
Tamaulipas,Cáncer mamario,181036,2015
Coahuila,Cáncer mamario,110003,2003
Michoacán,Cáncer mamario,86673,2003
Chiapas,Cáncer mamario,46430,2003
D.F.,Cáncer mamario,465639,2003
Baja California Sur,Cáncer mamario,15426,2003
Puebla,Cáncer mamario,105728,2003
Yucatán,Cáncer mamario,55261,2003
Baja California,Cáncer mamario,90481,2003
Veracruz,Cáncer mamario,222878,2003
Guanajuato,Cáncer mamario,165082,2003
Sonora,Cáncer mamario,70603,2003
Nayarit,Cáncer mamario,21435,2003
Morelos,Cáncer mamario,51254,2003
Oaxaca,Cáncer mamario,33636,2003
México,Cáncer mamario,445484,2003
Aguascalientes,Cáncer mamario,32601,2003
Guerrero,Cáncer mamario,52589,2003
Hidalgo,Cáncer mamario,104918,2003
Chihuahua,Cáncer mamario,131382,2003
Tlaxcala,Cáncer mamario,27892,2003
Nuevo León,Cáncer mamario,282591,2003
Durango,Cáncer mamario,46698,2003
Tabasco,Cáncer mamario,36396,2003
Sinaloa,Cáncer mamario,93278,2003
Campeche,Cáncer mamario,29797,2003
Quintana Roo,Cáncer mamario,33472,2003
Querétaro,Cáncer mamario,88796,2003
San Luis Potosí,Cáncer mamario,69674,2003
Jalisco,Cáncer mamario,179517,2003
Zacatecas,Cáncer mamario,24056,2003
Colima,Cáncer mamario,18299,2003
Tamaulipas,Cáncer mamario,117465,2003
Coahuila,Cáncer mamario,230789,2014
Michoacán,Cáncer mamario,197571,2014
Chiapas,Cáncer mamario,59747,2014
D.F.,Cáncer mamario,820993,2014
Baja California Sur,Cáncer mamario,68300,2014
Puebla,Cáncer mamario,193141,2014
Yucatán,Cáncer mamario,111119,2014
Baja California,Cáncer mamario,213716,2014
Veracruz,Cáncer mamario,436810,2014
Guanajuato,Cáncer mamario,188723,2014
Sonora,Cáncer mamario,206055,2014
Nayarit,Cáncer mamario,74731,2014
Morelos,Cáncer mamario,85564,2014
Oaxaca,Cáncer mamario,59433,2014
México,Cáncer mamario,671891,2014
Aguascalientes,Cáncer mamario,124124,2014
Guerrero,Cáncer mamario,80788,2014
Hidalgo,Cáncer mamario,94305,2014
Chihuahua,Cáncer mamario,204922,2014
Tlaxcala,Cáncer mamario,57169,2014
Nuevo León,Cáncer mamario,507895,2014
Durango,Cáncer mamario,92565,2014
Tabasco,Cáncer mamario,96497,2014
Sinaloa,Cáncer mamario,154091,2014
Campeche,Cáncer mamario,56491,2014
Quintana Roo,Cáncer mamario,62018,2014
Querétaro,Cáncer mamario,159683,2014
San Luis Potosí,Cáncer mamario,178012,2014
Jalisco,Cáncer mamario,383521,2014
Zacatecas,Cáncer mamario,43498,2014
Colima,Cáncer mamario,29712,2014
Tamaulipas,Cáncer mamario,164568,2014
Coahuila,Cáncer mamario,78064,2002
Michoacán,Cáncer mamario,54511,2002
Chiapas,Cáncer mamario,37515,2002
D.F.,Cáncer mamario,328870,2002
Baja California Sur,Cáncer mamario,14053,2002
Puebla,Cáncer mamario,79376,2002
Yucatán,Cáncer mamario,40445,2002
Baja California,Cáncer mamario,64090,2002
Veracruz,Cáncer mamario,158525,2002
Guanajuato,Cáncer mamario,102281,2002
Sonora,Cáncer mamario,62975,2002
Nayarit,Cáncer mamario,21221,2002
Morelos,Cáncer mamario,36530,2002
Oaxaca,Cáncer mamario,36316,2002
México,Cáncer mamario,273953,2002
Aguascalientes,Cáncer mamario,28309,2002
Guerrero,Cáncer mamario,48561,2002
Hidalgo,Cáncer mamario,32396,2002
Chihuahua,Cáncer mamario,107589,2002
Tlaxcala,Cáncer mamario,28348,2002
Nuevo León,Cáncer mamario,176144,2002
Durango,Cáncer mamario,39609,2002
Tabasco,Cáncer mamario,26517,2002
Sinaloa,Cáncer mamario,93196,2002
Campeche,Cáncer mamario,18987,2002
Quintana Roo,Cáncer mamario,27423,2002
Querétaro,Cáncer mamario,32141,2002
San Luis Potosí,Cáncer mamario,76918,2002
Jalisco,Cáncer mamario,163406,2002
Zacatecas,Cáncer mamario,21088,2002
Colima,Cáncer mamario,19364,2002
Tamaulipas,Cáncer mamario,125356,2002
Coahuila,Cáncer mamario,239684,2013
Michoacán,Cáncer mamario,210565,2013
Chiapas,Cáncer mamario,64864,2013
D.F.,Cáncer mamario,820723,2013
Baja California Sur,Cáncer mamario,95907,2013
Puebla,Cáncer mamario,204463,2013
Yucatán,Cáncer mamario,119008,2013
Baja California,Cáncer mamario,202891,2013
Veracruz,Cáncer mamario,483059,2013
Guanajuato,Cáncer mamario,348669,2013
Sonora,Cáncer mamario,178964,2013
Nayarit,Cáncer mamario,73383,2013
Morelos,Cáncer mamario,90759,2013
Oaxaca,Cáncer mamario,54792,2013
México,Cáncer mamario,679783,2013
Aguascalientes,Cáncer mamario,93726,2013
Guerrero,Cáncer mamario,79030,2013
Hidalgo,Cáncer mamario,99936,2013
Chihuahua,Cáncer mamario,198166,2013
Tlaxcala,Cáncer mamario,54056,2013
Nuevo León,Cáncer mamario,603381,2013
Durango,Cáncer mamario,108450,2013
Tabasco,Cáncer mamario,97800,2013
Sinaloa,Cáncer mamario,164226,2013
Campeche,Cáncer mamario,53828,2013
Quintana Roo,Cáncer mamario,67724,2013
Querétaro,Cáncer mamario,156659,2013
San Luis Potosí,Cáncer mamario,155819,2013
Jalisco,Cáncer mamario,391995,2013
Zacatecas,Cáncer mamario,45586,2013
Colima,Cáncer mamario,36536,2013
Tamaulipas,Cáncer mamario,157174,2013
Coahuila,Cáncer cervico,54526,2001
Michoacán,Cáncer cervico,54988,2001
Chiapas,Cáncer cervico,26882,2001
D.F.,Cáncer cervico,275961,2001
Baja California Sur,Cáncer cervico,13693,2001
Puebla,Cáncer cervico,67088,2001
Yucatán,Cáncer cervico,33238,2001
Baja California,Cáncer cervico,68158,2001
Veracruz,Cáncer cervico,123043,2001
Guanajuato,Cáncer cervico,92171,2001
Sonora,Cáncer cervico,50845,2001
Nayarit,Cáncer cervico,21166,2001
Morelos,Cáncer cervico,31278,2001
Oaxaca,Cáncer cervico,27495,2001
México,Cáncer cervico,204970,2001
Aguascalientes,Cáncer cervico,28834,2001
Guerrero,Cáncer cervico,34084,2001
Hidalgo,Cáncer cervico,24402,2001
Chihuahua,Cáncer cervico,77868,2001
Tlaxcala,Cáncer cervico,18084,2001
Nuevo León,Cáncer cervico,138695,2001
Durango,Cáncer cervico,34259,2001
Tabasco,Cáncer cervico,21138,2001
Sinaloa,Cáncer cervico,73864,2001
Campeche,Cáncer cervico,18216,2001
Quintana Roo,Cáncer cervico,25479,2001
Querétaro,Cáncer cervico,28051,2001
San Luis Potosí,Cáncer cervico,45572,2001
Jalisco,Cáncer cervico,138908,2001
Zacatecas,Cáncer cervico,18219,2001
Colima,Cáncer cervico,18284,2001
Tamaulipas,Cáncer cervico,83682,2001
Coahuila,Cáncer cervico,105037,2012
Michoacán,Cáncer cervico,116713,2012
Chiapas,Cáncer cervico,27411,2012
D.F.,Cáncer cervico,386922,2012
Baja California Sur,Cáncer cervico,29816,2012
Puebla,Cáncer cervico,94862,2012
Yucatán,Cáncer cervico,40202,2012
Baja California,Cáncer cervico,98527,2012
Veracruz,Cáncer cervico,227708,2012
Guanajuato,Cáncer cervico,239727,2012
Sonora,Cáncer cervico,50046,2012
Nayarit,Cáncer cervico,25285,2012
Morelos,Cáncer cervico,38331,2012
Oaxaca,Cáncer cervico,21183,2012
México,Cáncer cervico,602315,2012
Aguascalientes,Cáncer cervico,37995,2012
Guerrero,Cáncer cervico,24565,2012
Hidalgo,Cáncer cervico,45713,2012
Chihuahua,Cáncer cervico,124265,2012
Tlaxcala,Cáncer cervico,24603,2012
Nuevo León,Cáncer cervico,280248,2012
Durango,Cáncer cervico,39715,2012
Tabasco,Cáncer cervico,43185,2012
Sinaloa,Cáncer cervico,69072,2012
Campeche,Cáncer cervico,41905,2012
Quintana Roo,Cáncer cervico,35020,2012
Querétaro,Cáncer cervico,59232,2012
San Luis Potosí,Cáncer cervico,71078,2012
Jalisco,Cáncer cervico,169999,2012
Zacatecas,Cáncer cervico,17394,2012
Colima,Cáncer cervico,18813,2012
Tamaulipas,Cáncer cervico,69158,2012
Coahuila,Cáncer cervico,48503,2000
Michoacán,Cáncer cervico,56391,2000
Chiapas,Cáncer cervico,25778,2000
D.F.,Cáncer cervico,270233,2000
Baja California Sur,Cáncer cervico,13058,2000
Puebla,Cáncer cervico,64325,2000
Yucatán,Cáncer cervico,34512,2000
Baja California,Cáncer cervico,58209,2000
Veracruz,Cáncer cervico,130623,2000
Guanajuato,Cáncer cervico,84263,2000
Sonora,Cáncer cervico,51722,2000
Nayarit,Cáncer cervico,19062,2000
Morelos,Cáncer cervico,34927,2000
Oaxaca,Cáncer cervico,26125,2000
México,Cáncer cervico,189443,2000
Aguascalientes,Cáncer cervico,25320,2000
Guerrero,Cáncer cervico,33032,2000
Hidalgo,Cáncer cervico,25966,2000
Chihuahua,Cáncer cervico,68635,2000
Tlaxcala,Cáncer cervico,17838,2000
Nuevo León,Cáncer cervico,134100,2000
Durango,Cáncer cervico,32302,2000
Tabasco,Cáncer cervico,20011,2000
Sinaloa,Cáncer cervico,72582,2000
Campeche,Cáncer cervico,16664,2000
Quintana Roo,Cáncer cervico,24704,2000
Querétaro,Cáncer cervico,27088,2000
San Luis Potosí,Cáncer cervico,39946,2000
Jalisco,Cáncer cervico,140404,2000
Zacatecas,Cáncer cervico,14688,2000
Colima,Cáncer cervico,16031,2000
Tamaulipas,Cáncer cervico,79118,2000
Coahuila,Cáncer cervico,109499,2010
Michoacán,Cáncer cervico,53330,2010
Chiapas,Cáncer cervico,25928,2010
D.F.,Cáncer cervico,317047,2010
Baja California Sur,Cáncer cervico,48934,2010
Puebla,Cáncer cervico,104352,2010
Yucatán,Cáncer cervico,39346,2010
Baja California,Cáncer cervico,75582,2010
Veracruz,Cáncer cervico,220484,2010
Guanajuato,Cáncer cervico,184421,2010
Sonora,Cáncer cervico,45530,2010
Nayarit,Cáncer cervico,22472,2010
Morelos,Cáncer cervico,39546,2010
Oaxaca,Cáncer cervico,22747,2010
México,Cáncer cervico,546868,2010
Aguascalientes,Cáncer cervico,51057,2010
Guerrero,Cáncer cervico,30288,2010
Hidalgo,Cáncer cervico,41640,2010
Chihuahua,Cáncer cervico,79451,2010
Tlaxcala,Cáncer cervico,16541,2010
Nuevo León,Cáncer cervico,278654,2010
Durango,Cáncer cervico,46578,2010
Tabasco,Cáncer cervico,45337,2010
Sinaloa,Cáncer cervico,59207,2010
Campeche,Cáncer cervico,43830,2010
Quintana Roo,Cáncer cervico,35529,2010
Querétaro,Cáncer cervico,52107,2010
San Luis Potosí,Cáncer cervico,92264,2010
Jalisco,Cáncer cervico,190311,2010
Zacatecas,Cáncer cervico,16925,2010
Colima,Cáncer cervico,16541,2010
Tamaulipas,Cáncer cervico,78478,2010
Coahuila,Cáncer cervico,98791,2009
Michoacán,Cáncer cervico,35508,2009
Chiapas,Cáncer cervico,23761,2009
D.F.,Cáncer cervico,249558,2009
Baja California Sur,Cáncer cervico,31256,2009
Puebla,Cáncer cervico,86574,2009
Yucatán,Cáncer cervico,35199,2009
Baja California,Cáncer cervico,43577,2009
Veracruz,Cáncer cervico,187229,2009
Guanajuato,Cáncer cervico,136059,2009
Sonora,Cáncer cervico,40928,2009
Nayarit,Cáncer cervico,18393,2009
Morelos,Cáncer cervico,37884,2009
Oaxaca,Cáncer cervico,22808,2009
México,Cáncer cervico,389919,2009
Aguascalientes,Cáncer cervico,41891,2009
Guerrero,Cáncer cervico,22500,2009
Hidalgo,Cáncer cervico,30341,2009
Chihuahua,Cáncer cervico,64266,2009
Tlaxcala,Cáncer cervico,16994,2009
Nuevo León,Cáncer cervico,209630,2009
Durango,Cáncer cervico,32636,2009
Tabasco,Cáncer cervico,39749,2009
Sinaloa,Cáncer cervico,50153,2009
Campeche,Cáncer cervico,25482,2009
Quintana Roo,Cáncer cervico,35848,2009
Querétaro,Cáncer cervico,44236,2009
San Luis Potosí,Cáncer cervico,69065,2009
Jalisco,Cáncer cervico,173031,2009
Zacatecas,Cáncer cervico,13895,2009
Colima,Cáncer cervico,12981,2009
Tamaulipas,Cáncer cervico,57055,2009
Coahuila,Cáncer cervico,101712,2008
Michoacán,Cáncer cervico,43540,2008
Chiapas,Cáncer cervico,27736,2008
D.F.,Cáncer cervico,287470,2008
Baja California Sur,Cáncer cervico,33851,2008
Puebla,Cáncer cervico,117375,2008
Yucatán,Cáncer cervico,37939,2008
Baja California,Cáncer cervico,41827,2008
Veracruz,Cáncer cervico,214135,2008
Guanajuato,Cáncer cervico,119126,2008
Sonora,Cáncer cervico,42278,2008
Nayarit,Cáncer cervico,24540,2008
Morelos,Cáncer cervico,38675,2008
Oaxaca,Cáncer cervico,25735,2008
México,Cáncer cervico,303333,2008
Aguascalientes,Cáncer cervico,45895,2008
Guerrero,Cáncer cervico,25060,2008
Hidalgo,Cáncer cervico,31392,2008
Chihuahua,Cáncer cervico,71318,2008
Tlaxcala,Cáncer cervico,16700,2008
Nuevo León,Cáncer cervico,248853,2008
Durango,Cáncer cervico,31539,2008
Tabasco,Cáncer cervico,41407,2008
Sinaloa,Cáncer cervico,43195,2008
Campeche,Cáncer cervico,23141,2008
Quintana Roo,Cáncer cervico,28403,2008
Querétaro,Cáncer cervico,51711,2008
San Luis Potosí,Cáncer cervico,70117,2008
Jalisco,Cáncer cervico,214969,2008
Zacatecas,Cáncer cervico,14878,2008
Colima,Cáncer cervico,12768,2008
Tamaulipas,Cáncer cervico,67908,2008
Coahuila,Cáncer cervico,68608,2007
Michoacán,Cáncer cervico,41381,2007
Chiapas,Cáncer cervico,24410,2007
D.F.,Cáncer cervico,235286,2007
Baja California Sur,Cáncer cervico,17681,2007
Puebla,Cáncer cervico,69936,2007
Yucatán,Cáncer cervico,34497,2007
Baja California,Cáncer cervico,46032,2007
Veracruz,Cáncer cervico,152916,2007
Guanajuato,Cáncer cervico,107639,2007
Sonora,Cáncer cervico,42441,2007
Nayarit,Cáncer cervico,26903,2007
Morelos,Cáncer cervico,25851,2007
Oaxaca,Cáncer cervico,15082,2007
México,Cáncer cervico,252025,2007
Aguascalientes,Cáncer cervico,20007,2007
Guerrero,Cáncer cervico,33530,2007
Hidalgo,Cáncer cervico,27049,2007
Chihuahua,Cáncer cervico,69083,2007
Tlaxcala,Cáncer cervico,15154,2007
Nuevo León,Cáncer cervico,99411,2007
Durango,Cáncer cervico,32513,2007
Tabasco,Cáncer cervico,28322,2007
Sinaloa,Cáncer cervico,39895,2007
Campeche,Cáncer cervico,14282,2007
Quintana Roo,Cáncer cervico,23796,2007
Querétaro,Cáncer cervico,42463,2007
San Luis Potosí,Cáncer cervico,69158,2007
Jalisco,Cáncer cervico,139782,2007
Zacatecas,Cáncer cervico,16681,2007
Colima,Cáncer cervico,10033,2007
Tamaulipas,Cáncer cervico,52355,2007
Coahuila,Cáncer cervico,93814,2006
Michoacán,Cáncer cervico,54481,2006
Chiapas,Cáncer cervico,28406,2006
D.F.,Cáncer cervico,186997,2006
Baja California Sur,Cáncer cervico,14771,2006
Puebla,Cáncer cervico,54596,2006
Yucatán,Cáncer cervico,49495,2006
Baja California,Cáncer cervico,79414,2006
Veracruz,Cáncer cervico,106162,2006
Guanajuato,Cáncer cervico,123095,2006
Sonora,Cáncer cervico,61080,2006
Nayarit,Cáncer cervico,19947,2006
Morelos,Cáncer cervico,24013,2006
Oaxaca,Cáncer cervico,19386,2006
México,Cáncer cervico,232805,2006
Aguascalientes,Cáncer cervico,23527,2006
Guerrero,Cáncer cervico,41308,2006
Hidalgo,Cáncer cervico,30539,2006
Chihuahua,Cáncer cervico,77423,2006
Tlaxcala,Cáncer cervico,12247,2006
Nuevo León,Cáncer cervico,139065,2006
Durango,Cáncer cervico,29029,2006
Tabasco,Cáncer cervico,21349,2006
Sinaloa,Cáncer cervico,55417,2006
Campeche,Cáncer cervico,18063,2006
Quintana Roo,Cáncer cervico,28811,2006
Querétaro,Cáncer cervico,31950,2006
San Luis Potosí,Cáncer cervico,40836,2006
Jalisco,Cáncer cervico,151618,2006
Zacatecas,Cáncer cervico,17454,2006
Colima,Cáncer cervico,14884,2006
Tamaulipas,Cáncer cervico,70949,2006
Coahuila,Cáncer cervico,69282,2005
Michoacán,Cáncer cervico,40099,2005
Chiapas,Cáncer cervico,14260,2005
D.F.,Cáncer cervico,184113,2005
Baja California Sur,Cáncer cervico,11740,2005
Puebla,Cáncer cervico,44024,2005
Yucatán,Cáncer cervico,32074,2005
Baja California,Cáncer cervico,44790,2005
Veracruz,Cáncer cervico,95604,2005
Guanajuato,Cáncer cervico,94686,2005
Sonora,Cáncer cervico,36764,2005
Nayarit,Cáncer cervico,26759,2005
Morelos,Cáncer cervico,14932,2005
Oaxaca,Cáncer cervico,12299,2005
México,Cáncer cervico,183681,2005
Aguascalientes,Cáncer cervico,20295,2005
Guerrero,Cáncer cervico,31603,2005
Hidalgo,Cáncer cervico,17182,2005
Chihuahua,Cáncer cervico,64129,2005
Tlaxcala,Cáncer cervico,9011,2005
Nuevo León,Cáncer cervico,105347,2005
Durango,Cáncer cervico,27556,2005
Tabasco,Cáncer cervico,18827,2005
Sinaloa,Cáncer cervico,42084,2005
Campeche,Cáncer cervico,13083,2005
Quintana Roo,Cáncer cervico,14920,2005
Querétaro,Cáncer cervico,23335,2005
San Luis Potosí,Cáncer cervico,41517,2005
Jalisco,Cáncer cervico,128776,2005
Zacatecas,Cáncer cervico,17320,2005
Colima,Cáncer cervico,15169,2005
Tamaulipas,Cáncer cervico,62364,2005
Coahuila,Cáncer cervico,89721,2016
Michoacán,Cáncer cervico,72416,2016
Chiapas,Cáncer cervico,20459,2016
D.F.,Cáncer cervico,352726,2016
Baja California Sur,Cáncer cervico,20315,2016
Puebla,Cáncer cervico,111786,2016
Yucatán,Cáncer cervico,24948,2016
Baja California,Cáncer cervico,156767,2016
Veracruz,Cáncer cervico,160492,2016
Guanajuato,Cáncer cervico,90986,2016
Sonora,Cáncer cervico,77052,2016
Nayarit,Cáncer cervico,20796,2016
Morelos,Cáncer cervico,37359,2016
Oaxaca,Cáncer cervico,24877,2016
México,Cáncer cervico,362427,2016
Aguascalientes,Cáncer cervico,62117,2016
Guerrero,Cáncer cervico,54224,2016
Hidalgo,Cáncer cervico,32373,2016
Chihuahua,Cáncer cervico,69487,2016
Tlaxcala,Cáncer cervico,19509,2016
Nuevo León,Cáncer cervico,202853,2016
Durango,Cáncer cervico,33573,2016
Tabasco,Cáncer cervico,33125,2016
Sinaloa,Cáncer cervico,51411,2016
Campeche,Cáncer cervico,51778,2016
Quintana Roo,Cáncer cervico,33533,2016
Querétaro,Cáncer cervico,59585,2016
San Luis Potosí,Cáncer cervico,62272,2016
Jalisco,Cáncer cervico,111657,2016
Zacatecas,Cáncer cervico,13411,2016
Colima,Cáncer cervico,11266,2016
Tamaulipas,Cáncer cervico,143307,2016
Coahuila,Cáncer cervico,98458,2004
Michoacán,Cáncer cervico,59359,2004
Chiapas,Cáncer cervico,21595,2004
D.F.,Cáncer cervico,266492,2004
Baja California Sur,Cáncer cervico,21599,2004
Puebla,Cáncer cervico,95166,2004
Yucatán,Cáncer cervico,37803,2004
Baja California,Cáncer cervico,61185,2004
Veracruz,Cáncer cervico,144026,2004
Guanajuato,Cáncer cervico,118575,2004
Sonora,Cáncer cervico,42427,2004
Nayarit,Cáncer cervico,33566,2004
Morelos,Cáncer cervico,33171,2004
Oaxaca,Cáncer cervico,19829,2004
México,Cáncer cervico,226284,2004
Aguascalientes,Cáncer cervico,26814,2004
Guerrero,Cáncer cervico,28736,2004
Hidalgo,Cáncer cervico,41797,2004
Chihuahua,Cáncer cervico,76503,2004
Tlaxcala,Cáncer cervico,14420,2004
Nuevo León,Cáncer cervico,124320,2004
Durango,Cáncer cervico,28866,2004
Tabasco,Cáncer cervico,14318,2004
Sinaloa,Cáncer cervico,65247,2004
Campeche,Cáncer cervico,15483,2004
Quintana Roo,Cáncer cervico,24438,2004
Querétaro,Cáncer cervico,52034,2004
San Luis Potosí,Cáncer cervico,50640,2004
Jalisco,Cáncer cervico,112126,2004
Zacatecas,Cáncer cervico,32522,2004
Colima,Cáncer cervico,19315,2004
Tamaulipas,Cáncer cervico,99299,2004
Coahuila,Cáncer cervico,107708,2015
Michoacán,Cáncer cervico,85582,2015
Chiapas,Cáncer cervico,21687,2015
D.F.,Cáncer cervico,402174,2015
Baja California Sur,Cáncer cervico,20971,2015
Puebla,Cáncer cervico,113589,2015
Yucatán,Cáncer cervico,26821,2015
Baja California,Cáncer cervico,163262,2015
Veracruz,Cáncer cervico,188527,2015
Guanajuato,Cáncer cervico,109054,2015
Sonora,Cáncer cervico,64141,2015
Nayarit,Cáncer cervico,25923,2015
Morelos,Cáncer cervico,30543,2015
Oaxaca,Cáncer cervico,23091,2015
México,Cáncer cervico,422653,2015
Aguascalientes,Cáncer cervico,68329,2015
Guerrero,Cáncer cervico,86443,2015
Hidalgo,Cáncer cervico,38515,2015
Chihuahua,Cáncer cervico,79967,2015
Tlaxcala,Cáncer cervico,18803,2015
Nuevo León,Cáncer cervico,197846,2015
Durango,Cáncer cervico,65730,2015
Tabasco,Cáncer cervico,36594,2015
Sinaloa,Cáncer cervico,61370,2015
Campeche,Cáncer cervico,44840,2015
Quintana Roo,Cáncer cervico,35107,2015
Querétaro,Cáncer cervico,63409,2015
San Luis Potosí,Cáncer cervico,84470,2015
Jalisco,Cáncer cervico,139873,2015
Zacatecas,Cáncer cervico,17451,2015
Colima,Cáncer cervico,10314,2015
Tamaulipas,Cáncer cervico,116119,2015
Coahuila,Cáncer cervico,94116,2003
Michoacán,Cáncer cervico,67111,2003
Chiapas,Cáncer cervico,35978,2003
D.F.,Cáncer cervico,341579,2003
Baja California Sur,Cáncer cervico,13818,2003
Puebla,Cáncer cervico,74595,2003
Yucatán,Cáncer cervico,43911,2003
Baja California,Cáncer cervico,86874,2003
Veracruz,Cáncer cervico,168619,2003
Guanajuato,Cáncer cervico,94709,2003
Sonora,Cáncer cervico,69601,2003
Nayarit,Cáncer cervico,21419,2003
Morelos,Cáncer cervico,43884,2003
Oaxaca,Cáncer cervico,27943,2003
México,Cáncer cervico,294173,2003
Aguascalientes,Cáncer cervico,32015,2003
Guerrero,Cáncer cervico,47917,2003
Hidalgo,Cáncer cervico,48817,2003
Chihuahua,Cáncer cervico,108816,2003
Tlaxcala,Cáncer cervico,18230,2003
Nuevo León,Cáncer cervico,171671,2003
Durango,Cáncer cervico,40439,2003
Tabasco,Cáncer cervico,28896,2003
Sinaloa,Cáncer cervico,76265,2003
Campeche,Cáncer cervico,21880,2003
Quintana Roo,Cáncer cervico,28332,2003
Querétaro,Cáncer cervico,59790,2003
San Luis Potosí,Cáncer cervico,47362,2003
Jalisco,Cáncer cervico,177347,2003
Zacatecas,Cáncer cervico,19299,2003
Colima,Cáncer cervico,15080,2003
Tamaulipas,Cáncer cervico,98483,2003
Coahuila,Cáncer cervico,96978,2014
Michoacán,Cáncer cervico,92669,2014
Chiapas,Cáncer cervico,25007,2014
D.F.,Cáncer cervico,472166,2014
Baja California Sur,Cáncer cervico,22678,2014
Puebla,Cáncer cervico,94490,2014
Yucatán,Cáncer cervico,31850,2014
Baja California,Cáncer cervico,122774,2014
Veracruz,Cáncer cervico,190309,2014
Guanajuato,Cáncer cervico,133853,2014
Sonora,Cáncer cervico,53307,2014
Nayarit,Cáncer cervico,34452,2014
Morelos,Cáncer cervico,36652,2014
Oaxaca,Cáncer cervico,22679,2014
México,Cáncer cervico,499081,2014
Aguascalientes,Cáncer cervico,61463,2014
Guerrero,Cáncer cervico,94464,2014
Hidalgo,Cáncer cervico,36787,2014
Chihuahua,Cáncer cervico,98221,2014
Tlaxcala,Cáncer cervico,21608,2014
Nuevo León,Cáncer cervico,214489,2014
Durango,Cáncer cervico,62284,2014
Tabasco,Cáncer cervico,41558,2014
Sinaloa,Cáncer cervico,55489,2014
Campeche,Cáncer cervico,26164,2014
Quintana Roo,Cáncer cervico,34269,2014
Querétaro,Cáncer cervico,80238,2014
San Luis Potosí,Cáncer cervico,91372,2014
Jalisco,Cáncer cervico,148559,2014
Zacatecas,Cáncer cervico,17255,2014
Colima,Cáncer cervico,9778,2014
Tamaulipas,Cáncer cervico,67791,2014
Coahuila,Cáncer cervico,65641,2002
Michoacán,Cáncer cervico,50696,2002
Chiapas,Cáncer cervico,30573,2002
D.F.,Cáncer cervico,304521,2002
Baja California Sur,Cáncer cervico,13808,2002
Puebla,Cáncer cervico,67151,2002
Yucatán,Cáncer cervico,33901,2002
Baja California,Cáncer cervico,61578,2002
Veracruz,Cáncer cervico,123499,2002
Guanajuato,Cáncer cervico,95340,2002
Sonora,Cáncer cervico,57213,2002
Nayarit,Cáncer cervico,20101,2002
Morelos,Cáncer cervico,32291,2002
Oaxaca,Cáncer cervico,26714,2002
México,Cáncer cervico,233159,2002
Aguascalientes,Cáncer cervico,27882,2002
Guerrero,Cáncer cervico,59282,2002
Hidalgo,Cáncer cervico,25232,2002
Chihuahua,Cáncer cervico,91016,2002
Tlaxcala,Cáncer cervico,18915,2002
Nuevo León,Cáncer cervico,143231,2002
Durango,Cáncer cervico,38001,2002
Tabasco,Cáncer cervico,23224,2002
Sinaloa,Cáncer cervico,78000,2002
Campeche,Cáncer cervico,17082,2002
Quintana Roo,Cáncer cervico,26609,2002
Querétaro,Cáncer cervico,28206,2002
San Luis Potosí,Cáncer cervico,70612,2002
Jalisco,Cáncer cervico,157986,2002
Zacatecas,Cáncer cervico,18746,2002
Colima,Cáncer cervico,14593,2002
Tamaulipas,Cáncer cervico,113700,2002
Coahuila,Cáncer cervico,109234,2013
Michoacán,Cáncer cervico,110400,2013
Chiapas,Cáncer cervico,25560,2013
D.F.,Cáncer cervico,483345,2013
Baja California Sur,Cáncer cervico,40434,2013
Puebla,Cáncer cervico,84379,2013
Yucatán,Cáncer cervico,36088,2013
Baja California,Cáncer cervico,135553,2013
Veracruz,Cáncer cervico,222882,2013
Guanajuato,Cáncer cervico,261865,2013
Sonora,Cáncer cervico,50862,2013
Nayarit,Cáncer cervico,33215,2013
Morelos,Cáncer cervico,38564,2013
Oaxaca,Cáncer cervico,21267,2013
México,Cáncer cervico,520052,2013
Aguascalientes,Cáncer cervico,30486,2013
Guerrero,Cáncer cervico,61436,2013
Hidalgo,Cáncer cervico,40230,2013
Chihuahua,Cáncer cervico,111919,2013
Tlaxcala,Cáncer cervico,23765,2013
Nuevo León,Cáncer cervico,281753,2013
Durango,Cáncer cervico,37090,2013
Tabasco,Cáncer cervico,44189,2013
Sinaloa,Cáncer cervico,61025,2013
Campeche,Cáncer cervico,33761,2013
Quintana Roo,Cáncer cervico,33848,2013
Querétaro,Cáncer cervico,93655,2013
San Luis Potosí,Cáncer cervico,78085,2013
Jalisco,Cáncer cervico,148505,2013
Zacatecas,Cáncer cervico,16738,2013
Colima,Cáncer cervico,13456,2013
Tamaulipas,Cáncer cervico,70853,2013
